id,target
ZzBoUzhRWTJiUklUSFBmcvePB0mj6gXu4ccgO4D8tMY=,1.001974519
ZXpMMGFkckZKUFZnNFhEcfpxtvUkXw8MT9SmZ5QMSFM=,1.002180817
ZXFvRUtCbHprNEFwTGhXeUW2li6mAuKkVtInfU/eHx4=,1.00618076
ZWNKQ1lnN3BPRjBQYXVJZGd7qzqw5/wqaNJYFL9R6Yc=,0.995548142
ZWFmR3pOWHlpN1ZUSE9Tc1793NyktdlYX7cTbSwf8no=,1.00006495
ZWcwdThXVGJSN3JGQjlQY2lN1B6FIj6JoFhdeCXYUx4=,1.005927241
ZW9IYjI1ZFB0blhUZnlXUf3oJEi+9Rv3nHjbLx6HlG0=,0.992433905
ZUU4MVRaSU1jdHFESFZ3Qvpkd4iW9jQnRnp5rQ4wtV4=,0.998728368
ZUlKTDdpRmtEQ3FWdnk5cHEkui2Q2VWIe6YRxOp9a1c=,0.999851829
ZUJJQTYyczVEanlMSE9HSo0Xbf5PmeF+hkZ06M28UN4=,1.003207426
ZU5wNFlVZmJvQnoyeXh3S4NQV4pWSLHQx8rwJYcG0Ws=,1.004041479
ZTN3STIwT0p4N2dSdTREb4efWUCsX60tNf+BAV+fACU=,0.993564971
ZTM0SHdzamJUdkljbHpTb640RvkSi/MzLrDv4juTLnA=,1.004627451
ZTgxZlMwdWlBN3ZCZ3I0ec4jWIAINgE8My0DU6dfnMY=,0.997656522
ZTA1ZzgzVVZqbVBJMkdxazcmTvlPQOUb+xfXB15+adQ=,1.009003366
ZnVqQnR3M2wxcGIweGdjWRY3vhicuf+4Xs3EwGlCHRQ=,0.995226674
Zno5ckNoQURTYTJURzhJUutZuKco28qIFT5w395E68s=,1.006376531
ZnNoUmlXWlNuWTkzWDB4NfJnJGm/0tjJ2W2YJp8MwvI=,1.001082771
ZnhTUnV5cFpGTHZsblBRd2m9o5dhZ1nHsvCZllvT+w0=,1.00629028
ZndGVGVYTEhxa2wzSW1nNLgoofx1LIuv1aZLYV+REUo=,0.998056633
ZmRrOTJWQktGQ0wzN1NJenIHrDunE+WQyR2jE8nc7NA=,1.00810186
ZmprUmxXWGFjSWhIMm5GStOmWQUckZ6WNWIyg+CU5vE=,0.994846951
ZmJ0d3hQeVMwYThRcE5Ga/aoR1Ix/fku8PjwsAKh6AA=,1.000739316
ZmhJU3JYRllDVG1BcHZOVruWM4y8uR3Zq7Us9g23pRE=,0.994809553
ZmFCTDNqOEZ1VWJ4U0huTjZTtDZJuUVoA8zEFCp1U+o=,0.992521447
Zm9LWXdxeU5QTGFKOUVRTXTKj/dJsZG1ZwNteS54EdU=,1.004034326
ZlprUXdyNzVsQ285Ymh0Z+q5f5JVRybyz68rR8n3rKM=,0.998428679
ZlhrQTB1aENQckY0QjFWNtGYZaSGoC0jYX8MIg5GNVQ=,0.99608476
ZkxBTTkwVjNrcVJ6bnRYSZZmJAW5mRZHz40LeB+dTgQ=,0.994932243
ZkU3cTUzZDZ6YnVWWFNvVP6m3MUzoVy5RsH4iWFpnQI=,1.006267394
ZkhwUTJSeVVDM2JhNUZBeueDzL/fVhKJm86ISU3dWw0=,0.995092091
Zkd5RFY2N3BQMVN4S1JUWXu3khR1xkpjy2Bpo9r9FtE=,0.996496794
Zk9JZWMwZ0hZdVJkbmtHd8c6QWs72ino8t4glJx8wD8=,0.992323976
Zk55MlRia0JYRnZ1bloxbDav/C4PL0+A8kTilc0od5w=,0.998404255
ZjN3NGs2eGxZcEJ6TEdWVw5nCqnosotxNw3RPZpwTDY=,0.997697765
ZjlZTVhIY2d0MUJOejdsVjJ+nOV+3P2s9venBfrp7OQ=,1.007753813
ZjJWZ2l6c0RCbENwclFLSEklbxwDisWy7oBpEH69Y5M=,0.997296022
ZjJPS2hXRmVINGpFaU5BTVaAO+/YpGykoZVfMLiK9ac=,0.99783982
ZjJIcTdUOGlsR3M5TDZhWdp5dzthX23uafyzDOgG0hw=,0.994002686
ZHV2THFZeVBqeGNURmxWaJh9ADxchYdEuK7WMIpOf5I=,0.994581227
ZHNORUx5OGd4OTRybXRKN/kZRPELaJ4IBXDhTz9IbvE=,1.018487874
ZHlGdllBa3d4cDBTSlpuUEJKhdneMr4eE+ePptcDWXU=,0.997565283
ZGxFY29VQkt2MlZ3U3J0adXMCz0MxyfyC/6Gfk6tPkU=,0.999192604
ZGtDY1BXTmYyczBlaXZiNOm6z2Us8rsRgqVcIN6KRCc=,1.000709343
ZGNBTlRIZXkwRjdFWXFWOSqkkU4UhXn8RRzI+ijQz+4=,0.998545657
ZGk3SU94RDZCOFJOMmN5VL+0bgNf/cCW9czWJizrQwg=,1.00402549
ZGc3ZmVKWHdvU004RXhWYhHjvq331w3w2DWii+mlXDI=,0.995674917
ZG96T203RVlxMGdVYWVUQW5NEB5PAiU3FKbERWElv0w=,1.005062
ZFIzSjY3ODlXVjJ3MFB0RzYlmJpXa1HUVVPurnFSVg0=,0.990963357
ZEZZOG1RMWZIQk96cWdqV3Ij/wxBr6Q0lIJHcTq0lUk=,0.999156393
ZEZScnFvR1FUWWE4anY5QtmHA4sCneZReXBfjLy9MWg=,1.000507319
ZExTc0J6M1FhV28xUndqWBjlactKFAPBcwxWQPhBzVk=,1.004573977
ZEVEbDg1T2pJY2ZhazR6dTAEqeD+EobFbu1VY3/e5YQ=,1.001791141
ZEJsRXp0Zk45d0w2bWtnNyQxhjetSl2e7h6JqL94kkc=,0.998173664
ZEI4bWg5TXdRVkpsSHpFNU9EHpjsIPIbvNRSA9HYI3Q=,0.999230045
ZE5aZkM2RnNYNFlIS1RPd5d7OgVHUrkGkkVjSa11zzE=,1.013039486
ZE1wZTdic0hrZ2NxVUNCWLX70Dq3MzL+EG6myJHLr0k=,0.998782618
ZDRSbnR4NWtvVXBRVlhEN7uRBPw4BSCs2o8gJMJUN+A=,0.999989702
ZDNsaDBuemk3SHFiNjJDeMZlFj/KK8pYE9YxXqNmvXA=,0.996445085
ZDh3RENMQVJLakloZ2FtWP/iwP0y/OEiD91oRepxzIE=,1.001246761
ZDBhSG54YmZDWHdoV3FSWfgNzmIUl8RtaXDBD8W7Gqc=,1.004238677
Z3I0SG5HZURrQXVhOENCMsy3fvMJee91bkk6n5LSXd0=,1.004714216
Z3FyNmRaV1F3c0p4Y2hMQp8DH/02YhbevMoHcIIgX/o=,1.004605614
Z3c1TGxZTm9WY1M4ZHJBYhlFS1srNTiJFKsSFknrXTE=,0.996690324
Z3B2Mkh5Y0lkVTlDTURRZTyj5SCUmDMGNCHXmwYCQW0=,1.00607759
Z2tIYWJENU9XZlpNQUw4SmfIKZ9i7FasX5A9WXfZRtE=,0.998943694
Z2s5SUJEY1N3N1g1c21XSIyj3SKLHLqkb8J6AAffkBk=,1.002812469
Z2RVTmhNYUJ2OFNqZndsMAnaOPpejjTmdh6sawMEGDg=,1.004670292
Z2NBZkUySXNSS3lONEhveCLJJekWxPdA+6q30P0Su0M=,0.996677221
Z2lYbkVRb095SWpMc3FOcpUQy7QhR7+99Qveg78pTu8=,0.999556581
Z2lHTkRTS1VzckVQdXFmb0uPtNTAnRTfE1HNQrnpJIk=,0.997927997
Z2JqTHV3QnFNMVZmaEd2Nxbj4MAZL6ozHciUjQ6nMOc=,1.013278451
Z1R6akN1OG1ZMHhJazJXbBJ0+Rc0dIK8CvIN5nMqRt0=,1.002578837
Z1J4RVZpTndVa1A4WDFtSXOTM6I5KIlUM0YYCCdSqvc=,1.003459286
Z0kzTkdlZFlUaXJ2YlJBdNT3u9ldhTk2RExbBoWKeZQ=,1.009416398
Z0JhUk13aThidVlIRWNtV5zfmIlBO877tkpWK2152ik=,1.006254864
Z0gwNEw5MnFLZTdEeEVwdCbMhGxJdi0VWkNostwMvNQ=,1.00010255
Yzl1RlM2T3BteGg1eU13SjgWX/BQ1d2FHV2G3Q5xr28=,1.001018165
Yzk1ZEhoSnZPSWkwNENMNp5VhgfoRaeveKKe0GVgZN8=,1.005669382
YzFmbzZpQndJVVAzcXBTdL8ACZfIIJWhvtUgp9nL7uE=,1.006584635
YzFlWmtoMFgyUnhUQm45bBXJeI7J9RIzhlGN2UbUvJY=,1.007012432
YzdLU3lCRXNQR1lqVmZMb2CztPtBnBc7Nj6h2REWck0=,1.008070358
YXNyUmN1VktVV2dJSHZsdwFXvmOX4h3ysVvt6oeWR0Q=,1.002783528
YWt6VTFXb1lwTnRtUlBmatTROklnsy+ciBgUcv686Jo=,0.996498058
YWNyTHloYndwS0RGbmpmOX3Y1WU/fFYCL2z6eLhkIBs=,0.998011327
YWM0alg1ZnJKMFNPVEI2OBT3x0zDnycMO44MIiy8EUM=,0.996140566
YWhWSms4MzFOd2ZiNlFXbEiVLsggwVnBzzYfSlar+qo=,1.012013562
YW5EcEV1NzhGNmRpQ29VaEB9QeHIIeCRhmR8DcM8zOg=,1.007057855
YW1OV2NiWGQzUFN1WWY0RGDeQ4jWqP+JCfN7fSxMhCw=,0.997862381
YVV6a2dZRWR4ZXVJU1RHWH6gZOSME1caj/waGvT7xB4=,0.994635739
YU5oYktUNTlIN3ptRzJsV/CDs91VCF6b9CAy117KfLw=,1.009532407
YTJRY203cjNBczR5VUowZyQG8rZeNrmZWRDqc6T2ErQ=,1.005368051
YnRkRnVydjZBQ1ZQY29aNLcMVLOUe1oi3ouEQ1/xjww=,0.996809816
YnpnNkI1V2o5U0l4Tm1mcbf9eLB3Y5e/GRsdMJ0awbM=,1.00416352
YmZEMTRkRVoyWGFuUVlwTYvL4CUNTD3qfoH2b5RDVa0=,1.006603637
YmprbU9QbzRHSlc3MlNWbljk0cNNar/f1WR+RQ0WlpM=,0.993198229
YlltNzJOdWRVT1RScmpBNoiaP17I+qElnZ6EjybOhI4=,0.988054866
Ylg1N2poeEVIMUM0VmV1Y3CbD7TOR5LaRJ2XrEnf2lM=,1.002931432
YlFCMEE5TmhLelNGVDJzN9ypoGhXOFv/zGU389B8c/I=,1.010807048
YkNKZUt1VDFjVWF3OHFkUAXzPN2YT738X5xGj9GdD80=,1.006123575
YklIQmRYaUYxV0RDdWtuUN0NM9ZyF99KYap9hCDxnzs=,1.01385763
Ykl0TzdvMUYyOWdNRWFlSh8qKgc3N7KcrVLsAnvL+fI=,1.001125534
YkkzdFo5aDY0TFUxQnFXbIccIyMCSbCPJUNHY1ML8qQ=,1.003408117
Yk9zb01WZGVjeXVqRjRFeEHWcvzXPHBMrkR5uMz9e6E=,0.995927574
Yk5rOXFnUExWakJVZjhUWj+G6gFbx5QTmB9f/oDc+IA=,1.012062845
YjUzMTdxQURaeEVoT0tNRqkeemQzisWFoZF/yNNpZ/M=,0.998145093
YjNZRDhvYUp0eGtDZkVsd1MVgyC6WjDUwPfJrOe4iLk=,1.001441985
YjhvbnNobFcwVUROVExtaXx5xRnwZM/LqwIBHqX8OLU=,0.996095607
YjdndzV0UGk0WXhOZUtTZsjSMhanhmPMfgJNdEBD/bk=,0.998747916
Y3VueDJQZDdmd3Z6SWI1NmeQEqve0xC4FczYcT4/4bo=,0.999525574
Y3F2WVZwSm94N0l1RWRDS/Kw4OhzMQS/31rebSVnUm0=,1.003906462
Y2ZJSkduQXRXcnNFdzFGS3LVVplPSzh2EFSaUYzIvhI=,1.007824485
Y2oxOUZyZVlQU29md1I4S00SHhFIL5CveoZGIXk9LSY=,1.009352954
Y1ZEYU5ka0F4bUNvdkkxVKSk8OZmLArpm9DV6JkzDOQ=,1.003981904
Y1k5MEk3cURYTThyczZmQtsjNLQyEXYnsmM4DBAxfGo=,0.990817254
Y1hpNkFoVU5vMldtclFPdorI4wyWsAzPz0OS7T9R9u8=,0.994396113
Y1E5WkVMZzVlNmFXMFJ4bLc3jrc/uXQkEXi3j98qySM=,0.994077408
Y0YzQVVnaGRpRUdJYjk3UVzK3L6hAz5oAk1+fyVCAP4=,1.002415009
Y0xzcG1iSzlsZFhQdk1nQkIq2knIEOOHrZ83Tuy/i4c=,1.001240339
Y0lYbUhFdENVUDVNRmdyRBPbIiupMvI+BFxeyTsgxu8=,1.003359639
Y0FJVEx6V3lsM3dlb1pmUCQwDTxCshnjKSSmUHtVFtY=,1.003266881
Y09vdVJOMmpIbE02YXN4TKky6Y5kU11qSl/FV5xdyQQ=,1.000930328
Y09obENlOVBOYlpZbUhqQrNgLABLOoryr3KRI7htySg=,0.997485617
Y09GOU1rYlEzbTVKdjZLc0ASk5ylRxWV9e3jsK9QzZY=,0.998587129
WXU5Y21FdkpLeWZyVUxkNMKKiyLw5CY/fXP8PITFl5o=,0.994015728
WXh5c2s2SkFxZVZkVWNDRfVgSSy0iUkfkVtWkPV4c/w=,1.001313358
WWpwTDQ4dlRGeWtyVndPTsSOhp1AC1SAG8m8n8sAF4k=,0.99929746
WWJTMFdWUEJxeG40N21zckyI2fYW4MOORmsv6PuIW+0=,1.002750254
WWhrSEtKTGZ4RDcxbWw1NIU8qwHmYTJ9ccsW2bpPkbI=,1.005778639
WVgwUWNPOWJINHVydndWbJbVh/cN7zGoBiRf15EHt0Q=,0.999870825
WVc1dzdSUTNhY1VQemZqSobzjxOQj0Pqw2x39TuaI7w=,0.995852196
WUZFZWJmeEM1OW40cnZHUk/KZcL98YdZUc0STUuQwVg=,1.000564339
WUUyeVhrRGxKcnc3S3pOML4mnap/VgIvbzKG7nr6sG8=,0.994560265
WUs3UXN6NGRISmdhcUFpTUeqYlgWeVHwmDy7QkUo3IY=,1.004951931
WUcxT2txYWpmUk44cGh2MvC8uGEGBbORjRj+jsPK7Z0=,1.005295357
WThxcGxWYWJuS3hnRkQ1U2z61m7/ug4QJhxHLbbb3ws=,0.99968416
WnlVMm9ydXB4WGJjTkh3VvT9rHQBYCG8l72Ct+ra2YI=,0.994178096
WnhRZ1NUempmblJPUEk2S3x7Qw+LGheCD+I7AiwBDi4=,1.001314892
WndXZTVMdkhLeEZ6akoybOrv7eUH3KfO9k7bUexxWzg=,1.002868069
WmI0ZTlYOElNTHNseEVQa8L2+ZbDjIavtA0a5EH7EG8=,0.993538034
Wmd1TmxtS1FSQmpKYjFvU3Jhdze9rCBqd1nG5DxZ4t4=,1.000741518
WlNwZ2pWQzUyZVEwOXdMek1Uz7UbH34H6fyh7DnJSIc=,1.001249042
WlJ6c0tNUHRja2RqVUpUMjEgBTjcL8YdKk6Gf4tt2qc=,1.001243122
WkZSc3dZUWc5Y216VU9yYsE62+Yx4X/zA6H+UUHIr/0=,1.003466088
WktCSHdEQWJzOGk5bTZrUqkFOAE5QNZpNh/sKPkSaWg=,1.007303537
Wk5qRTUxRDhJbm1wc29mecuhaYMulPpa1r2anC+0mU4=,1.00031201
WjBITWhXVFlicGQxRXllUhh9RyU+YRTmcjRYw3vzdNI=,1.005624377
WjB6MW9kT1VGWXFTNnR2Qy8t+MFe41bKBGOu19f0u7Y=,1.008599373
WHVLd0dsWWc5Uk1GQlBWZRwcK+Whr+/kFcNNNR4rCwk=,1.00238404
WHNvVk9ZQlptZnA4NGhVSeOMuVxtW8yPSpkPb4SRANo=,1.010921746
WHFoQ3lBTmtZTGw2dkZQVAz73DFJDaDiNm16GLv9nhA=,1.003749883
WHByOWpEMzZSQ2x6S2VMbyOB2VNnQfEh1IYQVa0rkHQ=,1.008247872
WGtyaHZGMXM2TThJMDl5YSxHSZYHGG/xKJefAP0TxmE=,1.001001367
WGJGNVFSRzQ5cDNyaEpITIDFfe9lY4h4ZhBWNAwLgqk=,1.00241272
WGFzRm5wMldBVmtvdVRJWe8YynDHMZi9pr9t00UFtjA=,1.003626731
WGdIMHViV2FsS0dFM3hBZd5jmEBsSD8k/owk+mtsFBI=,1.003225832
WG53b3B5QWNFTnFMbUtnZoWpFeNo/IJYyFFeEDB6siM=,1.000382206
WG1FbmRmS1Rjb3FGM0N4OUNj6jOtcAJG0P3mmw4DkTA=,1.009080543
WFVkeDZMdWNuajlSWkFmaMDScYyNOV4gxyvSneUoLHI=,1.005813106
WFpxdUhBZG1OUEowNGw2ZVId1iyvxelB3vaK6rPCT3Y=,1.001554856
WFpCWWtlMGxxbXJzOUNnVqsM8v+W7qVAF3QcHeRVIFs=,1.003672074
WFlLcEpmdnloemFDWmsxZI1C9y4WRwYI2Z61ubS/4eI=,1.009565874
WFkyc01iTHBVMUlESjg0d3sqGptuAj3L+obuMDclR5U=,1.001178748
WEJZNWZzV0FoQ2tHVjJNRBppuKDiAIt9q40ht4WVKa0=,1.004885455
WE5qU1FDemc4NHJvQW41TYL8p+uOHXrGxbVKjPGoQus=,1.007419544
WE04bVpEaWNCMXRzNGU2NQApqCiBSFD46TLBmhHkqB0=,0.999439976
VzZWOFA0SGtJZFltSzlKM8jiT/D9c9ShjRkc7KrBFAs=,0.996741341
VzM0dDdFcjZUbGdQU3NBObLaq1wdJuVjKSy+uNhp1O8=,0.996876633
VzFNbzQ2Q2xHdm1RM2pmcIaX2f/vw++QfTOzFWIGJOg=,0.999287078
VzBLNnZSYTNWcmlTbE51bp1bEZWnwbNoWzSmDirICLw=,0.999883652
VXYyRkRLSTM4Z0xZNkN3NLwQAMUGF14meXT0Gtkh9H4=,0.999420594
VXBmQjlxZ25ES1dUMjZpRXCSm+XVI8AOj6KOog5xUZ0=,1.002484551
VWUwREZicVZ3QTdyZjFjeQZbD4YyJ2JMfObKrigNy50=,0.999040647
VWtpS3oyZ0FCb1N2bjFDNUT3X9PzTySI0YhCOgmtafc=,1.005459029
VWQ5Vk5aSzhhdWg1ajJRSBe1MprfLIw8Dbj3y/FeLnQ=,1.001683122
VWJtNUtpT25wSkZ2N0lTOSd5QrhPJeFAbhpA1X3ligw=,1.00224425
VWhQVEVPeE43Z3FBYmFENRk+vXKpqnZktrnrcUZT3VI=,0.99971859
VUZERUFpNmQyZjBKcnNPUovAAxT+vQxsFMe/fw8t4VM=,0.994181542
VUpjZzRFaXdvSFh5aHpmN4go6QWNNxmoCemy9BMAizk=,1.000808957
VUlyT2QwWmpobHc1V0s2R7z975iR6CcOeaYp4sIIq3Y=,0.999275261
VUhWV1RLU041ZDkzaGlZcPdCXUBxS/NeFww+l1I5rP8=,1.000635433
VTBCRFd2azNqejI5b3JDRcmzItFg8eqBrLuzEaKQr9Y=,0.986685594
VnVKU2g1Z3d2RkFqS1cydAvEn97oQmEb/SXeG2ihv2M=,1.003379559
VnoxQkZ0YjNJc2hHMmNBUxTL+LSWhDaLPV2HI8NV1zE=,0.995787021
VnNMVzloY3FkSFE0WTZwM7SS2cYpWEqkcPYjx2aZeKQ=,1.003327238
VndsQkVlY3l1OXNnTUFkYhFR3PJGzeTTLehj/JbjM88=,0.996730554
VmZyWUhCRFpGb2JqUXdMdbliPhAAy3BJOTVmPXMkRIo=,0.998119954
VmU2NXhBOElUMVVLeUZROdNdkxpVPn4S+OqCCpxYcrI=,1.004517503
VmdyN0tIRTZodlBXRnA4OW6FTw+RJ2zgy/+g8ZSxwOQ=,1.002342691
VldpT3owc2dZTG1QU0RxR/6FKCUXOkUVnUTYEzlYhXI=,0.999947445
Vk52VVhFb3F0OVJUNU0xQaGwhXaoVW09PLwcDSki//Y=,0.999918718
Vk4wMkpBeWdzRGJTY0wzSYouSCd/+tyHTpjm0AVtr+I=,1.006097778
VjZuZktySUJ6OGtOZGdDMbXzGiBBmFqGwOOxTDkHp3U=,0.999975759
VjZobWk3a3hVT05zUTJUZVwF/RpllAiIgH61fDVP2P0=,1.003899164
VjhQM2FKZElwTzJZbmNqUjUxDwu48DkvotSZtRYDoaM=,0.99755279
VjBIak9GOGlXa3BCUWRYYQnDlW934leAUq6b9Mco4c8=,1.005527043
VHNYMU51MjNRS1BNd0JMVb4nTLnRazsveVQpgZUJxjQ=,0.9953628
VHNvcW03SHdLZ01CajIwUAOJ3XuMELg09v6qMYgjwvk=,0.997723687
VHIzU2wxY2FFOEZxSmhRdTyFsx0qgeinJzHMcnwPnvs=,0.998837136
VHFMeU1LZGZObVhKMXpIT2OCnewh0nkx9nagb9EKdyU=,1.007950768
VHFlanlwdHVQTGxSTndIVhWx+RSR1hZFfjzv9/n+3Bw=,1.008300715
VGZHUnQ3blVlZ2lJNXdyWBYVYzzpmA3qBhcuVelnPzg=,1.009918914
VGw0bkhJb1V5QTViSzIwUc7KfUAKonlO4Q3xaSz0D0g=,1.004677018
VGtscE92eU5pQVJWS3U3ZzgmefMSZWp6FHnzN0dmejg=,1.002231857
VGtQRVhNUTh0MjlPVkRTbBaoiFApUtrXJyAvtSWv788=,1.002363855
VGtlcHptUlhXQmdvdVVWcs+4Ej2OxDY3ah5wkXEsscU=,0.997167495
VGJ3T0VBN1kxY1JHbVdaeqh/ZBr2fxw3hY+d+3W+JA0=,1.003609546
VG5wMm04dkhHSWhKNmNnWmM5vrTc5w8J04dJq4++27k=,0.99751067
VG1Wck1zcTVCek85dDJnUzDG7Z1Hv7LwnGqzOfCj17E=,1.003258641
VG02SXZDZlVOcnRhMm9IZd8UayB1N45D2xGT1tbb/yU=,0.996907583
VFpqTXJueVFHWDZwUGxSMdODMWFKbPsdHuA+fXxLRgg=,1.010037841
VEkzbFhBbmk2Y1d6b0xqUaHKqZikJq4LX++wm8Y5nRU=,1.001417853
VEcydW94cXQwZk1QcmVTYd4Bq70Hwhk8cz9ehhxhqLU=,1.005062554
VE1GT0h1M0lYaUNQbWZ5ZKRum+GMTVDPvb4yt+9aYKU=,1.005605471
VE11b1BMUmFzY0dFVTFucmv7glAxnUfB72FIHfyH1vQ=,1.00700487
VDVuUzFEWXhGdGdzdlA2akAXIAJlVjlPXI7iuBkfq4g=,1.00837517
VDhxS0dVbjM1aWhiZldPNHEcKoQ2hDaNJwJsbrBbpLo=,0.993874822
VDFIVjd6aFFMQklXRWdwRIIMGu4vbed1scpl+yqLWI0=,1.005577029
VDEzbVZPdkRxNUpVYmk3avwYcbERDCU1jD9cOJ+CLyY=,1.00264699
V3RNMUFJTDd5NTBtT1JYamZdMvPL7gpB309NnLXff8k=,0.99835396
V3pBNE1ab09ZOWx1eXNqMteVUUFQtE1OudROAh7utCc=,0.999874427
V3NHSG15NGIwRmEyVVZTatKP+ocz13Lye+F++z9rN2w=,1.015746693
V3MzREhTTTJRY04xZ0ZPRV1v853DyyEjJbYwflHZOzk=,0.995955263
V3k2Tng3dTNzMER3NWhWaqkCYOJD8zMbf3jQOolq2c4=,1.001668972
V3JoSXN6QTU5dEVWWkZ2be1IgOHLWnZbdGr/k+2Jmh0=,1.007153767
V2M3SnhHZzB2VmxFcXdhMR8EyzMOp2ZGIazkzwgv3s8=,1.000401647
V2lwUlh6bGZUZVFvNXc5SaZX0Jrn/xOyknX5HiWMDPA=,1.007560743
V1NRbFRwTkNBWXZqSlVMdXvO1oD2OgeaSf7X5EABkAI=,1.002581546
V1lDZjNKakk4UE1zOTJiVDNbAjkCRteD93+LuTAgeuw=,0.993155534
V0w3RFRteTEwU2F6YlA0SdZmapzaOh61qNLf+SFtf2k=,1.000750947
V0VSMk41clhBd29tVVQ0TWNk7lbQl5CMSCnIR+ih5y4=,0.992491597
V0RZRW92Mk9HMFMxNGNOaXQwDP5b7DdqjInIt1H4cNw=,1.007224839
V0FnWnc5bzB2M2xJRXM4T7H/pwtSEmmwbX4pOHwYmiA=,0.997086222
UzVuT2dMMWZHWGhQdHhyUV1GFziH4Zwk7rlbYoLUMy8=,1.006074441
UzRkMnZjcnU5c3FSMFBNWUC1p/JL5ZNOOk5iZXp0vAw=,0.997871468
UzJmbkdMUVlXWlRhSHJjQYfq7pJp4slKgxZ4D7dV1xo=,1.006684718
UXRUekd2NHNDZTY3bHVtV3fOZY2093Fljd+j4Pd6tdI=,0.997195782
UWNZdkdmcUloQmlUUzkwM08+u7hT+LE12xREpr9RGek=,1.005300201
UWhaWTVTazhIZGZsMUI3RBxkMR7ngk5+HEnDeKXndZw=,1.011905376
UW1SeDlGWE5TZ2tEMXFBVtKGdonsklz9S9bDxe5HP3k=,0.992546383
UVladXhzZkRrQ1hIcjR0TgnPfKVlU7NulDNVFBZfX/0=,1.006434465
UVhGQXg1Q284WVRJOWpHS+uKwSYVBeyMsxBYR72eYnw=,0.999325715
UUlvaTlCZFptWXBjU2ZYMusGf8VfE7e1yW5ajmJ0cqY=,0.997622505
UUltNVlOd25nSGxkRExDdPK5KLZIOzYv8hZ+730oINc=,0.997689327
UUJEcTZhd2dITzRoMDV5UBMv7iJhAjNUWRU7f15PlC8=,1.003241918
UUdFbnVTSW9oVjBGalhiNzQDUOftJ90uzPGGrdiVI5k=,0.997386641
UUc3Y3Z3aloxV1JNaDZ4cUf42UlBZujP2O7MJ51Zu2I=,1.002049526
UTJaZHl3RXpBNnBMSHNLdbcBV4XujJuilcRS+J7R1wg=,0.999349546
UnZnb3VGeTVBWk1WUFNHMn3ReQ99oyJBzWJnho88Qtc=,0.99821535
UnQ2Q2RlTUpMUWMzWFlGa8OSBdpBeD3Ja91LxmmmBFE=,1.009148744
UndXeVY3dUdrSmQyVWpZM2vDY/bvWEDlS5G4L7IjxpI=,0.993148485
UnBEeld2eVZhaU4xM3dUNaWPmTCPAx833kOY7IDIy7w=,0.996698001
UmxJS1puRk12bTVjemZxV17U9r+juyBTvEShesJ9WIY=,1.001522558
UmU2dFk0b0dkRU1ITk95U34zxgR3mOw38F1xT5iwXe8=,1.001647344
Ump3QXZhWE9TZ3RrRTJKTIJUurE6eoPKlg63utfBM18=,1.004887893
UmlIRldBSjIxOGJPRHVqR8lfNhOrT/I5Zs9IW0r4Z5k=,0.995630669
UmFsRDNUZjAxOXJ4Nk9CSg66amk5qymaXcBFl+CXtps=,0.997771104
UlZFNmZZSVV5SHpEZ2xMaAiOlG2v1o/fA4eZcFVSBJU=,0.999512245
UlR2MFdCeWpBbllnMlZDUJfXw8TfXV9bDtX43FTCM6I=,1.000249245
Ulh5TVo0SVFOYXNjcXo4bzyo7VyFE/0sgd4wrlOryxc=,1.004413276
UldveVNjbGtNdHJOaVFtNl6ijLupX0lDePMAfWPtm/o=,0.996000731
UlBVZFRLMzc1Zmh1emtWMffPrGz65vgHF82+N1/87U4=,0.995978056
UlAxMFlFc3V6Vml4VEFlZPbdY0AyhXwW/6VYcHePtQ8=,1.006213928
UkVLa24yN3kxdFNlekIzb9hiXA+BX3oCaEXiKi1QKFQ=,0.998427442
UktFWW1yMVgzMExRQklndZGRSmw/b8calbg6NfuJRhc=,0.994820063
UkhnMFRKb0s3UHhNc0czbPvJKzMuWzr1eobkUF5nIGE=,1.000786472
UjZtb2VzSDBMQ0twa3VqeEOxtFdyVRzPeyLUCekF/Zk=,1.000553307
UjZjRlo0V0RiVEJFT1lMZsCHwxw1qPoCsJRAR4xPxSg=,0.997808923
UjU5Mk9QanBMdEYzbEhOVklRlRXLX2fqNS1tqQdM0TI=,0.995008919
UjN4OE1jV3lUWFFsSWs1NKK7egEt9e+rd86Q5ElzHzI=,0.999550697
UjJoTEpGVWs1SzFIOVpxQm8ipmvU3UumHrVrUAl+woo=,1.007225607
UjhYRDFndnBxWUtDZFYyTQPURQO1fgTBEYcBX4ivX1Q=,1.003928641
Ujc2Z0JPNXZpbFBUd0lxTdC+cCXBYvUc+NB5+sunVKk=,0.995988991
UjBGYzk3M1NDdVFCVW41ZS19KiEkTH41c7LoS4CtIwY=,0.999691137
UHZNSkxBZENmMEszdDQ3YiboDxy8Qp9duP1Z4mVSChs=,0.997882786
UHZKV0hvYVhUcnhBWmZiVk8iOVutW7WdusQ5mULyZaI=,1.004701904
UHRPbXNlb2dwdjFaR2NhWIO4U1fKh78yuRlqtMJvvTU=,0.994202073
UGZRc0g2bkdrb2FZSlYyTAuCkq+T1vbCB5KfnQHpWxQ=,1.010076425
UGZaWWJCanQ3SVhVTVdtemgwVQUMF+mhzpl/SkI0Iig=,0.996918655
UGNCWERmZVVhck5rU3hwV97L1pJHk7cF36WZ4rHmgn4=,1.000081493
UGJxd0FtNmdlVDFOZDNKbH5hjRccTkkFcxmkJgrfiDU=,0.994945967
UGhKQXR6bU5zTWJvdjZnRfBSReAru6+KNycpZEhnhAU=,0.996127445
UFhZVzdTdnVxVmRVUlo0ecIt4Pxpy5m5Iu62Z5nzR/A=,0.997498349
UFdmRmxwajlhWTZVR1IxM1yYwUlt6hl50Aco7jRJVis=,1.000938115
UEVuTzdiS3hUdVYzWWZtd17vvWDwxvwQPPjJB8+NJzs=,0.997955605
UEljT05tRXBUekxuOGJoeWRES4oL9/UzFRCDOfgJHoY=,1.005007975
UEE5NlVRc0thUkIwZkxKWoL0W209nLVW6E3otg+CD2o=,1.005278413
UEdidW5DV1FEb2g5S2dMdAypnLbCfxc7lz3WCYjaZrI=,1.006518465
UDRwTFR4aDZpMmo4cWttUx3LNmEzFZOTfSr2IGKWHNY=,0.999022585
UDBrVG5ONTlLYTFwZVIzSMAycEnMkjqGZaZ2ZykPnI0=,1.003844554
U3N4VXJORmxEemZiUHFDRdG/2frr0G9A2/Tnp++bwCw=,1.00131996
U3c1WlhyVGJZSTM0Z3FCV+yTAXMxwwSbpcfDOVqcV+I=,0.99819009
U2Z0Ym9KWG5DdXc5a3BzRb8E4VOfXqsokpGECXsKFdw=,1.002415756
U2RVNTF6Z0pROWJoeGZhWGdJjrkXD4kSkLGDIiIuAEY=,1.007204868
U2p2SGxNdFg3REowQmlWYbntvpWh6GytiNAMnL8AwUs=,1.010913686
U2NGckdnZk1qcEVxWWViTF8AJbXITjjYW1w3b18TL4g=,1.007604584
U2lFblk4Zkc1TW1zWjk2QX3cYaVjkdByBXug7UzX2rA=,1.007572271
U2kwcUxjYkdWalBEQ0VaM+Bk9Jv08ptvRnLKg24pJkA=,1.008105174
U1VXWmpKdTM5ZEVMWUNpT7vlGZKLCQeiz1P3lsQQGTw=,1.011937584
U1Rlamx5M2JGQ25KelFkc3FvEqUPjZIhbku7wyrixO0=,0.991397112
U0Y5TENsMHRUTmFqNVI0Wl++ZLCX8ZJoD1aciS5dwb8=,0.992240682
U0U4bUM0NWtwRG5VelZOUJh/csk+p4cSB7AnB998xlc=,1.001471186
U0RDVGphMDE5ODJKa3F6UUEZVGCUnBkE3bJKHfGnS94=,1.006619939
TzZrUlUxQmVXMGdHbkphelaqzI0HxVJraJ70Jbeia4s=,1.008812463
TzVueUtqeHQyZ0RjZTA3MwQ6y54WRbHPyAuQPYR54Mo=,1.000583062
TzVIZHdUR2l1YTdEaFhwcoYQeFJRngbzyje35wfEp74=,0.997645374
TzRReGJtWEtEamxxNVVvTX3oIO7zsMD/zPrl/dFOrV4=,1.002948141
TzNwVENTTG5lREZ5c2l2VvCttsbNIi3L/UqWR3fUTO4=,1.003386173
TzlJNGJXUkhmTVF5TlU4TJ/n3w96XoyqeSKiBpaH9U8=,0.996035949
TXIwQmo5cWVQRzVVcFRBaXM6ogMPc52yobrRT8MZ5Fo=,0.997065738
TWpOcko2ejVhM1ZubFJ4cewYghJ+GnYzEAwtnZ7v87I=,0.996842182
TVI0aW5TQU9GMFBhb3VjNncL6jsQIkdPYEjq9GIkb+c=,1.006639655
TVg3MXZ1Rnc1YzJnQ2FWcAEz3ckeeSfEicymKM9iX2k=,1.006349018
TUxwQzZLUjJ1YWgxazdZc3QK7+afHLmVfXDJ8V5YeN0=,1.001606813
TUtMdlB0amtteFdWM1JkeZOHP5+wO4R5etncSmrYH4U=,1.000131585
TUMxdlB1aWc2NW0zV2hBMqhLUTxdjYOquSZ7+AmgZMs=,1.00444967
TUJRMjdMOVBnc2lFWFlUVRLVZACkfp8jbWKlz3palCM=,1.009466109
TUhYblEzRno3WmRUcVNLZoILbQWYsAtNR/5ODybLKUA=,1.011174494
TnVURlJJdmJpWGhRS1M4eHwkahTppz8rCvsRZdNZNgk=,0.991371183
TnRuY3hMYlJDSFhWRUppa5HBUwI9/sKhmuAkE/HPAMo=,0.99560287
TnRJT3lETVRXMEF4UW9pRV7Wmq/ZjVUSXwBqU9ffPVE=,0.997285966
TnJCbTVZdlBYMWVHRVduaMTvoCPWGAjLCelhmPQggrE=,1.008426153
TnIyRmJLSEVQV21pWk1HMwzplqOGZjsdI3v3FKjrqsY=,0.999154974
TnIxUUl4WVJVY3VxSERaMJCsi0IIlC8GrIsBRXuLQ/Q=,1.006379246
TnFaZFJoVTV6VkZKY0R1M6J0foWhfrnFDhKcVrVWzco=,1.0035476
TmttN1Fob1NYeFdMRzF1c+fEmuRY+0EdHLhYShEWyfM=,0.999652654
TmNwYlA3allBaUdtazNuRN8Q4WAy2L2Muxlrfk+HV7s=,0.995869651
TmdiSVk5MFdtSDNjN09FRrgFma++nk8TX0krz6RLZ2E=,0.989393752
Tm9sSkdRRmZEbTh4bkwwarGVayzbCtPG+Fh6zj8btfA=,0.998380994
TlV0SGhzdkl3TDRkZXpBU4U+lYXF8n373uZJTpSCF4E=,0.997295155
TlRKRkVNWlE5NmRoSFJZV/vuqi5afmH3VLdsDG3iwmc=,1.012143909
TllIUDB5UWVCcUFDM3ZEVwWILrMp+87Ucc0vwDurRc4=,1.006294079
TllGdXNLaXhxdFpoM2Mxar9I3OY3XHEKst3fLHkUKVo=,0.999409645
TlhMMXVoSkkyUG5rV2Vid/3VBsINegIcsls2u+LY0B8=,1.00392774
Tlg4ZGxSQTlEdnhIN1FNc39MS9RQVisBKMOdAqmSSJQ=,0.999240235
TkZSdlRvMURKcHFqYVV3M8N4Y5nFOxtFq4N/et/pGBA=,0.99949485
TkxkejVmeTg0VGdTUVZGbrhu1gJopGxAiq23Lbcs+G4=,0.999127368
TkVrQXpwbUlQckdlRjRoavBs1EkJtaJXECdUF5hy+ps=,0.995220309
TkNyRGFnNUc5UlZNOG5ib3Jkps+iTo5SO5Q9PjXTQX0=,1.00949173
Tkk2Q0RCMFJUZm1FOEtNSMwiXJnsvanMvAglJvrNH7E=,1.001301825
TkJyRWFUVkpnaDRwMEFaObUZkxBHDLM4JmgSb1lHdyw=,0.995864116
TkFueEM4UE9pTDZlZDRJY1829rbofIAnnP6OUOqYdGk=,1.001915515
Tjd5SmRUZlo4Q2p4SWxoV9VvlvO3rPaJuppjXYgmvnI=,0.998658042
TjBHN1lXa2pINGxPSU16ceQHfI8Txlxy33UECm2e6rg=,1.003857478
THRmVVF3RGVPcTBNNlZaQzQHmq0avgjznNBCsfEhQEk=,1.003077459
THlLRDg5U21NMjNkWkc2bh4PRxSyqamXscv+ZTO48mQ=,0.997287002
TG9JaktEckp6QUJ2dE9iNntxqvocw59YPFPRQUmK91M=,1.002681788
TG94d3pYU3FhM01Lck9FaFB2S6987qBxAQTFdXVD+uM=,0.992512739
TFJDQnlLd09rTlNnaTNjNu1CIajPG8xZGNr+o7GZnIM=,1.013299951
TFdTZmhrdmdyVGNPWVhGMKvdM2Db3A0X3BjXVD3QjVg=,1.006653262
TEpSU1dGUDNaQml4UXdFTk+SA/ef67RsxrRGCFAEA+4=,0.999280844
TEpPY2RDWTdiRWVVQk1nWt6dUNIoMjdIJP35J2ebdvQ=,1.001590012
TEhZNmtNWGNTUlBuR050Vhiu+C2BoEFCMAnq9EsLY3Q=,0.99785288
TDVhVnBmb2VHN2wzMjF3OMqXYtzErU0AmTKqdBVb6vw=,0.993507434
TDJsaUMzdFdSamh6RVU2SpMTWofRywXAtYQ8PfV8szQ=,1.004223737
TDBOZ1JPSUtvWlV3Smk1MroVhxAdtgiBCL0f2qV7zEw=,1.003158904
T3pwV2NNZUpZZDF0UVg1dU3iGrjo0ChRcqaUJUMADU0=,1.013963697
T3duSkZlMzBka0t1MWhtarluKpBoJeJmbj6hzjwWzm4=,0.998753146
T3BqUkZiNlREbmR3dEpmaVD5nDJqtCSvEobV3K/2zXg=,0.989780555
T3A1b1VWMndtbjRjTFRrelv6eEdh27CyuOl+c9sbPZ0=,0.999734133
T2xJUWV3ZkNqU0hYa2h4RZC08TKr66atdfbRfGdvOpg=,1.001301708
T2o1YkZQMU5peXRBcnhEYZOJhXrHqodp7bEYBDo2v2Y=,0.991507451
T2JLblpkajc5VFJtNEpxda7rDOWR1Vz4AeSMsHNF9Mc=,1.006031074
T284RXFuZFdKelVMRFpDQr3qvvnoZjWISmp9XZMBiTM=,1.00887669
T1kwZjRlVUFieDgyM25FeUOxHzfMy2/x+JK+AuX1w5Y=,0.997584959
T1JGaTNJQk02dzkxTHNVdo1oWQ84FdyDtdN9ba6jJ+s=,0.998712295
T0wyalA4UjZDVHdzaTl1TehsE3G8IrU3YplTxfCCMcA=,0.992011332
T0lXRllNY3NHZlVWZG9ueK8wSWZFvSxYh9FvMVUNlZg=,0.997200565
T0F4dkZjWG1wRFBoeVVUYqhWfbffL9zKaRO9H/vuR2g=,1.001163533
SzVzQmFnUHBKaWhScUE2NG2K9eqQo8xhhB/KnaQ8Ce8=,0.999719651
SzJYTFV2eU9OOW03ZnVZabWTrnVDoTTCN8W5X6XHkOk=,0.99949627
SXZtemgyYllpQmdYczA2M5ZxKZCDytpzI3156LeX9c8=,1.009673274
SXJXdnBZZFp1RkFPRDNtVv35e4xXBWtRaJ0+4DYyJHo=,1.004966293
SXJhUUFWeENOcW9uMTNqT2cZTSSSposqskzL22lleec=,0.998726151
SXFVUGhDTlZtbmFYZlNHcylMklQVB5a5a89qiNqVGFo=,0.992640323
SXdpaHVvZHZCU3pGYzZwNHByPZGnkNDY+RHwibc1xKQ=,0.994775724
SXBLZ0xReUNrd3F6ZlNYaa4ZZMUQuv9d8T5MoSxuZow=,0.997763481
SWRTVHphckdRRTVOZTRMT54VThGvWB7KaGV5vGdv6+E=,1.005347883
SWc1ZGtvUjhYRHozczBsSMKM2lEE4NdgW1Q8BOsug0M=,1.004607476
SVhZcTNuYzZIQTdzS1NnV3nQdjdyHWfKY1QcfQLerTE=,0.995869961
SVBKM3N1cFpDMUcwS1MyQr3kJCO+MZql4z0AeN/Dvbs=,1.009835801
SVB2ZXUwWEVGTWJsaTZMSHMSV+hbEgnsEY4IgXPY4b8=,1.005183757
SVA5ZHVGcm9KTXY1Z1QxTnf5uHWru7eq0tKehZDdcaE=,0.999696598
SVA2ZU1yelVqU1JiRTREMG88/97lpd9d+n4Uw7Be9JE=,1.006383431
SUZOcXJERUdWa1RhaG5nMqFci96Q6KwqvXf2IFWe0HQ=,0.993499814
SUdWdDROblRRMnNZaE1SbQglN1S9JbPMPlsKge6C21A=,1.000329984
SnpYTHFlSTJsR2pEY2Ftd4415sYfYXXsnSeXZW5lFaY=,0.996912883
SnlXWlViTjBIdGl4dnNFT/WaYfOEv7oEtkr7mEbA6LI=,1.004132775
SnI5TXVDVjdSQnQxU3pJZ1Hl43RDIxGzLiCGjOdNPA4=,1.003902558
SnBrbTVub0dUWnRhZHlXdeFDkYcHink2RdFXb5Vn05g=,1.002656431
SnBEcjNtVW91UkxJSFp4VN/FcA4YqWpXd1ZB2oUfNbA=,1.004537285
SmZPakE3V2xRcUg2Y0tkaL+8tiIY8S/cvWlRUNPpv7A=,1.004657226
SmZoaXlGOHJNNFlCa1hORXqP5kHk+ZoXyJ/EJ6VqSxU=,1.003064391
Sm1XQ3JBc1IwZ2hsa1FiZN1VSl9QJ85tBiVGnXo6bDM=,1.004696916
Sm1DSVRGQmk1Z1EzcThZZj1ckm3nTfB+LCFtZkyKCLg=,0.992902727
SlBoN3ZDMHp1dE5HUldnUdSzGakrQ4M+ENCiEHfh66A=,0.999770148
SkVpNkNzUWpXRFRlTE1QbJ7UzHZsyoPsMBBfxef9hmg=,0.999558229
SjUxd2ZGM1ZDOGQ3cHYyWqn2QRsgMid8p8D2Shjt/aI=,1.002685441
SjJWbWlCUWFQNGZlU0tHM58D+eeQbsXzrZ75XUW9KeY=,0.997082305
SjJvN2dXWWwwQlJ2NkRFMyeaeM/qSWlAvHxWN+0rQug=,1.008324777
SHlDMDZScU8zcjJkVUFOYqqpRMb/c8C3k+vVNUo7O+8=,0.993993641
SHBZZlhoUUdjbnh0TVdVVLn50MW7MzJuEwtIvXdvJWU=,1.007989249
SGRLdFVzMlNrTjNWREpqejGh9R8J9xuAJrctKrExPp4=,0.997609913
SGJ0cmZ3amRCS1MxQ3hKWL+JXQma4ON+DG8Gn8XOvzE=,1.001494563
SFZKRG9QaTVzRXFXcEJTUq/rie/IxDgi/QcdNqZ/dSA=,1.005213664
SExFdEpnaVdWUGhOTUs1Vb/kn6Tcq8CGHfE6vO/q760=,1.001259036
SEs0VGpMelhJdW84WVFmV6cmrdX+8+0THgnRmYeIf7o=,1.009120722
SEdoTnBDemZuM3dNc2daNnku9NH/gMWr+2xxbsSlmio=,1.012403545
SE95MGJsUEU5RGlZcXJSMx/gShmqo7s1MmK4FNDa+Sk=,0.998583729
SE1US2l2WldwSjVHY0ZCZvh1dGPJn4zTfpYvzRQzSDU=,0.992990688
S3VCdDRQUVpZNzZXb3F3ScBrrbyJ33WQhZu5svoHrLw=,1.001171626
S3R1Qk9vY05VTFh2YXgwayVWwHmlwRvu0PcV0uQ74Fc=,0.996126625
S3pjbnVCMDdyeDJXNGpDVDgu1Ejxew9wNwELkWwddZ8=,0.994735431
S3JkM2FRa0kwcWJUSnZGN85M3ZMbPrizdLO++xxmDMU=,0.99418211
S2xxR2JtSEFNSmFkZzl5Y4pgfOOZ5Bx/nH2FyFQs6u4=,1.00299322
S2NQeWQ4OWZyMm56TE0zSaO8mH9Ll8ZMAxNh4VEB+iM=,0.999839156
S2lTRG5IQVZ2b3h1UUw1TsJDEPw0XSYvUpAUZt8RUUg=,1.010722668
S2FsWTF0N0MzakhPTFpGUbSq5yihEff4xDrmpnB46No=,1.001339396
S2dMWVBYMDM0Wnh2RUMyRy4ayen2SB8ItkdjYXdZlTg=,0.998527563
S1FyU0JuRENOYnYwUGNaMh4l2Mg5mCqPEQBA8VqV5Ds=,0.994365411
S1BYZDJlYVZnY09SQUZudN8hgGK7ttpf3NOKAnIy8cY=,0.998064993
S0VlMUxIYUJ5TkNGWDJSU4cZpRFjr0336kzH7xerTvM=,1.000423939
S0oxV0lNOW9WaHpOUkJHacDIxc3lARZyQii0OOyg27c=,1.002302574
S0lyTFV5M2Uxc1JXYXZKT+aPRV7KAjAiX1gRyl6Abtg=,0.996551306
S0d4UlFjbGRQc0pvNTRaTkB9H0iCfxNiq8V1Az+Qqsg=,1.005022623
RzY0MHcybEt4aG5hclJCdBgyiISle27B/e313qAyCto=,0.996173003
RzV1WjNyUUZFYVZqWTQ3bD3pZdf9Q4JnYxfy4OQnDP4=,1.002358697
RzhMallQejN5dXdSaDJnWnfGn5zgxj5W49P1Huuzmv8=,1.000574596
RzhiS2xPQWhFRHZaNG9rQ4n5Y+3mRFwwnRFS+yjcEsM=,1.003574713
RWZJZ1owd3R4am1WeU5yNx6Kuk+yQRfd1MI8/X61fgM=,1.003101472
RWNmbnhPNDU4OWRlRDN5c3cu7nEh+PJv4PIfbbJ6pJA=,1.006832291
RW9qZlJzS0lhQmxraHpldl1RTGWHjdHQk2M8lpV7b9c=,0.993091519
RW1ZakpVZEI5NDdjS3BRZXjKNcyVs1LziboESvaebKw=,0.998858203
RVZXWTFac2QyN0FwaU1OcjhmSxlv12M71B4rDECYXcI=,0.989168553
RVRjaVY2OFM0bEZzcmhJbtI480N8naupwhlLLZsaE4Y=,0.999422333
RVQ1aDJjWDZTTlFGcUtmT+Ck3PbeyFQ7D3YZ/gqgr04=,1.001344713
RVNSVGwxSGo0M1VGOTJpZlSzyadbN4jmpUUCvGosVpU=,0.996779356
RUYzRzlRenVETlJTSjAxcQea6eeWzWZBAua5zySI/u4=,1.006822025
RUxNVk9kcjlsMTBzRGlUbXPZ3twylj9UBEUMIQw/QV0=,0.995160246
RUwweG1CS1ljZGw2MlJiaVeeJdv/DB+xx5Mohajwb1c=,1.000761133
RUNTckY1WXZabXVqMjRlN58NruxAWdsTJIBQxK9Sjvg=,1.000912984
RUhDaFZhMklQbXN4VTZPb21+XFh5GVi04p86q8OkDbo=,1.000985377
RTZ6bEZ1YzFiQU1od1IweNeKZRBlrkCPAmD82UHhCyY=,1.006440092
RTRLeWZsdTVaVWJ6R1NJYX9VnxDIWUzJ7GYrGUj0OIs=,1.008755936
RmR1bWxLUklMMzJTckpYVyTzojiutCprMMTeo+J3+Jg=,0.994800304
RmpiaENMVVk1MXZzMEFmbc0Y2YcDRScuOlzggnxnrqc=,1.002861292
Rmp5S1Y3ZkRPcHZVV0FKUAAnp6oZwXBEWTf1dMb8PmU=,0.994488942
RmNmQ0Q5dGIxanFhcjVKc/xG721NdLflKO/zJgzNf6M=,1.003241502
RlUzSXJaTG9sSnhwVldBZnmutfBiNXEVxuMsqDm1jEM=,0.996977824
RlpKYnJHaHlJWXBWekVTQu6iKLVRCFxkklFHLUL+3x0=,1.00349368
RlhzUU5nT3Q2TEtSYTlKeBbEM2wycn/S7v6GdAh3Pgc=,0.997980429
RkxQdFRwNlJKTlhCMllFTQounkxRP7A5UGsUifSZI/Q=,1.004446543
Rkxnbldpc3U5QjdEQ3djZoSjqdqMnDCyIlu7uXoU1PM=,0.998840921
RkszYWRpWW1MYjA4dkVmZ6ie0Yc3W7vVa6i5qAHPocM=,1.000039527
RkowanhmSEs1VkxaUXpXR4RmBnofhITOlA2HgEjJIP8=,1.005037128
RkhRaFQ5aXN6dGNyRGtSQ0DHfjo8Wo70uBQGSJa1ua8=,1.003301067
RkFwTUVZRHJhb2kxZ0xOa+IOZMPubKVADe43nzhqVLg=,0.997010466
RjVtMThRWWE5UFY3ckRXZUfQP+dRTsCOcmcHi/u3FmU=,0.994277347
RjF4SGFQd3Y2T3I1RWNWdUbQ0LnM0bXiQQDuAhuKfkQ=,1.013202596
RHNxWUxmeTJibml6ZTlWWOzfchVx2msyD4wxQL8vhZk=,1.000237903
RHJHVkZ1MWNScXZDZzh6VR5AEtO8gPr0q5f2c8riFbw=,1.007109959
RHhXa2NpSVA1c3o2bnlDao53eIEF+t3z0PpPQWsJG+U=,0.99985878
RHBrY3dRMjc1YnJ4NnlXcze6iNDKRaArg6cS2LiuSoQ=,0.997009252
RGJhZW5UcUZwOVI2dnRCbygPJEQLGA1gQFzDbd5uui8=,0.998660544
RFF5S3VMNEhJTTZZOEo5btlw+bWy7UgMLAxyobY8hKc=,1.009345313
REpDSDduaXViTXRLR3k1b8Slkxsi5DOEziAQ1a3pKRU=,1.003962748
RDRCb0Zkc21KY1ZPWmF4MSByhtueiZSmaNcyGm5mGXg=,1.00208785
RDQyc2VNM3JGQmlZblhKOLt7AO4j0bKzn7BUmcdk06Q=,0.996596172
RDdKeEVncUY2cGRMbnRydmDwDwoWAChNhsBlcbOdIcU=,1.001676612
RDB4QXQ2a3ljbXpFSVNIcKSb2D4TMMA++lITJS/XB5k=,0.996451774
R3RXYWZ1TWw3MW1RQ2d4WmA+kWjuT0P4iYSlNZRZcDA=,1.005679994
R3FVMHNwcmNPRTdCM1RSTsptQimmOky0VZS78dnCGog=,1.008257394
R2xRSGkxb0pSZW1VNGg2T4bM3z5+Ux4EDfiSFAla88U=,1.007390121
R2l1UlRqMjQ4dG9Wa3JXTJISo0umJP6fXOL7WHMNDJo=,0.997683091
R2JodnJEUHp3SjhaQVlCVmyw/Dou/gSHLhjtKQ+4z/o=,1.0090341
R29WSVBYek1UTzd1V2JwdoBc3kDuiYwBzGQYbXTQv1w=,0.993418551
R21QNmNOYnBrck1FVGFRUqRLbHWI4/Yv8bjLz6DkA+U=,0.995933076
R1kzU2VXSlZNNm5EaXh1d52KH3n/BocjHL5pQWjNhpU=,0.996551891
R1hsTnRCZVc5VGg3RWZKbhy7mik/3DgqSdd9uq0Bzuk=,0.996639311
R0xBclBpemdxTm9YMEZmNGF+tR1CC56vUaJ3DtRBSiA=,1.007061943
R0hyQ3AyYlF5NDBlWWMxTWsRiMfRtoK9maspIUs9FmM=,0.996880025
R096Q0ZTV2o1Y1lUb2VINthZs9dIUk86TNl5mmq28MA=,1.015463665
R002YlV2RU5kdGE4a0JKT/cYGz6MV2HokMOeY1VSh10=,1.003905831
QzRqc3JnSVJXRHg2ZEtRa5SdNygVIa6tbgQvU7qe1ao=,0.997565663
QzNpdDRlUEdnTk04YXJmZEC2pltvTJ47TvKisBVmLb0=,1.000455616
QXRjZlhiWVBrQ3l6TUpkU1IRTMKbQO8epqaum2iRgL0=,1.004045747
QXQzMXlPWWZuY0NqRkhFbB0qf4tr47AXRr7AzjVq3vA=,0.993378925
QXFmVW5qdnA3dHhUUXVoVuJXdcQyC3XJtB02v6ln5SI=,1.003052831
QXdDYjhJb005aWZocE5UZVGoqQ1UQnobbi64x43EgBI=,1.007019559
QXBxUG5iUXVDWHM4QlJ6STpsBIIS524WOOrbdjEL+7Y=,1.004588611
QXBoUkphME9kdzd1a045WdIZtUY/xCnZkeDIkzfwzAk=,0.99443979
QWRIaEZuTHdKWWlFeDFvY2FqgLAO0fqaJzT+UTEpIk0=,1.001066994
QWlEM242eEo3b1U1d2pPTL0XtLBfhQx+qbFW0qCfoE8=,1.005603046
QWJwdXpuR3Yxa1VpaFJWTUm0h0j2r+Uh15Fa5b8Cf7M=,1.006171671
QWJFTHRHUEhjQkY5M2lrMQe6eTFOlnQ2nEE63YUJDqE=,1.002885321
QWE3aUVSZ1pLQ2swNFBOdCXxTXPOcv+Etjv/3sNCmpw=,0.998049366
QVRLMk9iNXQ4aG9ySEkzUg+dyIgMXVCk4UsYVpjKQOk=,1.000904565
QVM2WmUwaHZMSmZjRDgzQna7rBvbHobc1XK/YkQTOC0=,0.997843324
QVhUS1NkZ0M0cEhROUVlNuuY9RiBNUpCMeUjw7FBbGQ=,0.997771443
QVFvUEphejhsVFUzNW4wa3/iHZG+0oAL4hLs1qDy4pU=,1.008509214
QVFDUElldm11VGM2SmtwN3yr2QmxoqHnKFMc4jBw0gg=,0.99733597
QVF3ZGNrVFZnMTNCOTdETkhFB8s45xD7tYd89DjuinU=,1.002136171
QUV1SEI1TGgwWXhJeUs2eqkaf3nNfnYrkZ7Ygn2IhSI=,0.993635661
QUU0OU9JOHN0eXI3Zk54RhJkjceQIUjhGogWwJhHSdc=,1.001395142
QUpMckY0Yk9ObWwxWjlJWegREthbjeW9J1k/rYbgUX0=,0.998590744
QUlLTmNybDRPUDlXYkJIeVN7UduFkju8R52ZkS3vIQQ=,1.005873359
QUd5aWUySk9TM2dqRXpNTt/+ul7IbPoQfmTZS07Mn74=,0.998397361
QTV5bGdWUXhLUkg5ckZwNqCBmA2zfdDcA3QWgckXT8Q=,0.993597985
QTJnbURSR0hVOTc1OG9yM9DzCLpX4ZGUqTCEigCNpZU=,1.006193318
QTBacmVKUEt5Ymo3a1V0TWXCMbblJU15hEdkmte8llw=,1.005618743
QnU2Q2hBSkRZTWZSM1pYS37xWX6ysCR+HY0vNnUDwts=,1.018337005
QnR2Uk1MUWhrbEhlbWlmNeBe9NttqBSZ3V+XEsfTHe0=,1.002206006
Qno5eXBIWDBuN1ZUUEdTZn7ujsEe5sC/r1gde7AkCzk=,1.009951608
QnlodWNrdEhNeFFqRjZkd8Yy4aphIibBTtw8Z/1nlgM=,1.002476874
QnJUcDNSeHFqMG8yNFg5SlYQmgAsL9UQpt2DEMOe3/M=,0.999078801
QmpLTlN3Z2x1WFRpbkd2ViWe/0gEhzpU7Ftfo2BazXA=,0.993714683
QmJBd1huWWdlN1dIeUdkelxVKAt0TkKPxBDuk0KmUaQ=,0.999367163
QmJ5bDJTWXhEdTdQNkVRWPT+hoUzHWTQwYF8JIDi8Oo=,0.998378945
Qm81MnBDZEtPdFBTZndyVRPyZv2CixmHloUMsTcaXgw=,0.99791515
QlY1SzJMM21sWW5aaWJJcoW9hrzI9DhcjQnjd0iYK8E=,0.998376937
QlNPa0tzUHI4Q3lsRGZKTX1l8UXKr0VMql9LTfP9Fxo=,1.011404828
Qlk1bk1SSUpMMlF4MWZPdXc19h4qzmEDkl4lc1Xrq3Y=,1.000519475
QlI0bGUyRWl4V3IzVHNwVSMShzPJuS2aYC6XEMMUQEI=,0.997294558
QkNaRU00M2RlbThRVHlIYwgy5zHi3RO7U34jlGeF5gs=,1.011212591
QkN0SDl6VVNRNW1zd05jRgh/t0HIxdtaGMNlMfcP4jc=,1.006402476
QkFyZHZwWUtYd2NKa3pDMmw8qBNZyFVIhZuVp4K7E7o=,0.997370252
QjZQS3RqWko0RVJibXpvSZqcvYgGgOuxLhQKpowy5as=,0.995876497
Qjl3RElMTWU0ekZWQXNFbLhOGTwV7cQizlk2NEWL5Gw=,1.000814078
QjJGZHg1dEx2UUllVlU4MZRLuiolAOWfS7rPUXX7PKA=,0.993482365
QjJBYTZ5Y1lkWG1FYnRLTyk00mSb9LtiB/oVmZGlNHA=,1.007856687
Q3NIOVFieHJoRDA0WVV1Zwq6lCdxXuIhdoLeXcbOTd4=,1.003807806
Q3djTER2WkEzMkVzcjlQaaOApMJHRTY2pbMu08pAq9Q=,1.006654497
Q2taNUppNk90V3h2TDJZYlsC8NilOqriXnsRs9IZd/Q=,0.998283263
Q2N2MFdwS3FCTGpIMVZJNHyT+WnkVWRb1L94rWs+Rm0=,1.008134371
Q2h0UUZzRVdHOXFLTUxVU7d9rmLCvw/fM4NDK2I9u5s=,0.996600406
Q2FMcEpQb25abE9jc2lOcZnWZerp2j8GJYMFvx+k2fo=,0.999491031
Q2FITDlSVTYyd0ZyNDdpaEch9V4mMc1Wd277k9CYa6s=,0.994019093
Q1ZyYUJXWVJuTWtVakxxeLtW10NKHyTXzEejcdO6/10=,1.017469162
Q1Jwc0FIckVKeEZXcW5jbyiAwFq6dfPMf6m5+2tdviU=,1.007565287
Q0VPVGdKWVg5TDJNbTRLVze6GiN98jvjpaPKRpaDuuU=,1.004516022
Q0tQa2dIZnVMd1VsRTRvMJTgEL+UTjKf6pYu2FgyMFA=,1.000567784
Q0c1SVIwSHFFRmw4V3Z5SnSx9fTTv7jDQ7F7iFrlzC8=,0.994393552
Q05URkJ2c0dqbmJLTFFvSUovSZP3IyDApjE6LHOl73k=,0.99660122
Q05SRGluTHBVbFQxQUowT65QbpLeaY1WO6EqWXlX9LM=,1.007457997
OXVZajZpZGhjcnRiZlRES6Gq5SmnQApuC4zesVWXdqc=,1.004623799
OXVGdkRZZE94cVBhMlRSdBTyCoFpUzeA3Ur968atOCk=,1.003151189
OXpqYmZGWFJlbE1RYWdoTkel8A1eHeUZq4Ef+OaLXE8=,0.997886699
OWZybnQwVm96TWNLUnNJMcoy0OeUpkgKzCZvOlj+sBA=,1.008320062
OW4wTEJnTlRpN3JHVTNmTwklHjwTVpJsGPRxmqJZaGY=,0.999580625
OVR5T25TcVJIbTNHamNQQXQjRy7bczbfXifOjGu10IA=,0.999683995
OVhPM3FhaWRUTFdOcHdDOAUAZiYL2V855fABVy2IQ/U=,1.003180222
OVE1NFZGWk5NeG5nalhDdYyZ25btmcXOJ+u0zuNrHOM=,0.994227067
OVdMODN1Z1JPZUh0bVpZdpmSQ/9IZ5tulV5laMCCKmo=,1.011214284
OUZmTVJiSjd2QkVIZW96MAG3y+7kDVmhXAy2K5c48M8=,0.993762917
OUw3bUNWU0czWFJCYWw2cDRQJjsNfJwzAJtjdVyI3HQ=,1.004220296
OUFqbVZzWTBJS2lEdTRTZ1wVcZI1htYSL9Z0xvFXBFA=,1.006840877
OU1DUmhFSGFjREZKM0l5dwh5eU6Af2jF5cbofc3jWI4=,0.995849515
OTZVUXhtdEplR0JYYldnMJ8HTRCfn3pvDrsNBYiCQ7U=,1.006712988
OTdIU2hsdVlkUFJ3QkZOa2NQQJvj4ZrejJRcoApGuUQ=,0.99877683
OHREUHdIZ3FGMTJyZmthVh919b6Iz5geyr/TeZYvvp0=,1.005427411
OHJ6UllEaVdnb1hxaEF1TYFbhBEIvi4b+JOlNjooOQo=,1.002343628
OHJ3bFpjbWtvVWJGOW5PUdubJIsIaK4KsfKbHsikNSI=,1.000693955
OHBQRTJkSFJRTmdBOUkxNeROpgBiBqFXKjAp19xPMSM=,1.001299448
OGtYSkRNNTBBS1N3NHFkObVU/o4F0Ut4Qtp1P4l68zg=,1.006591596
OGl2TlYwRll6VU9JeVdNSAs/wxOVHnIKwQ0Q5lpSTKM=,1.000748131
OGFCRGpMZFNwSW1GaHVWeCKADl7/1Odp3DRzsGha7jI=,0.995716356
OGF1SVhFM3hqSGdWd1pXcB4U+7TLTavb66Uw3di52qg=,0.998179148
OG80VjZXSkJYbWlQZHFDdE3Gt4/O4+uCSk1cn6VcZsQ=,1.006410209
OFZzcTFvZWpOUlE2WFVQTzcVlXOMxt/G3G95TJSrDXI=,0.997127521
OFFzd0UwdkNiQXhZVDVjT4Y3wM5YeoFtr7znbr6Ylso=,0.986814387
OFFFTU5INEo2dldnbGt0ef8/l+9MC8OB9TfhI1gUgJk=,1.007230682
OEo3em54T05FZXF5RDMxQaq4wzbcjh/ProKjo+YfIYk=,1.000946598
OElSMUhzeU12dWQzVmw2ZjwwRQKoIAjU+S6q/nIm2Bs=,1.000965517
OEhXYnZQdGg0ZWFFNlpDTZK6VwRd9DAz3M9R/C2yXMw=,1.000040951
OEhRWkdpbjFQYkpzWFdvbfznI1uPoM8Fi1r6kl+BFgc=,1.00140386
OEFqN0JyWmdsYzZ0R1gxd0YJnlYKQeDWpMSIWvLBb/M=,0.995457062
ODZmeTVHcmhia1FGYUx3Q4gzdYTX5+omy9LB5tP1Am8=,1.016037553
ODVLVG5JWnZ3bDNrZllNMrSshgT3wZC8veeVUEM67jo=,0.999242849
ODJraEJKcUZwdlA0dDYwUr2GIRlA50A8muCddbOTzks=,1.007178146
ODBHQll6NWNMbzJRSDNrbX1p/38YGzaA9TkC0jV8FjQ=,0.992103195
ODBEb1FVanBURmh1N3dJNDaso23Ss2xsZ8Z2Ext84G8=,1.001856599
NzNqSURuOENKbXQxeFBpNYn1uRy5Vhs0RjGThCfwEws=,0.999762631
NzJ5Qm9iY3FsSVR0ZTZES3K+Zzd/UJB6+nrQ8vll6tY=,1.001574926
NXZFTzhadG1NdWdWclB3aCol9m8ADhck6h7irxaLnrA=,0.99291847
NXkxMGFSczZkQWc0OXFwRIbR33f4wHE4GL4Ol2XuQHE=,0.996340635
NXg3dkJvTFJ6aUZIZjZhWZlGwmHiWPaIZ2HFa7ea0zw=,1.007023876
NXdhZERKM01TTlY5VUhwUCnvGuAvnJ3vO4UDSrWTU4A=,0.998548033
NWpVYmtPUVJxN3JXOGNaQwmeF3GK3Lr9RuISag4ORA4=,0.996986853
NWhYa1BFYUZxYld2MFN0TPk2YtwISLAjiZZGGnK0wpY=,0.999468711
NWdCcWVvMDNZVVR1NzR4WEgDgODJpw+1iLnH9jPSROE=,0.999777821
NW1QSFIxWUlxY2syV3NHMzIrVddh5tMB06WQRT/+oNk=,0.996202218
NUxGMkdFSm1qUnhEQm5ZeQdFouzZ695y2MOc2hDXGek=,1.002564625
NURXdktPRWRSQlB5VFpIZvCzFqLMNq+7bupscSKmQEM=,0.999627219
NURveHRiNmtJUjdHOTNxc6xbtwj4TiyHTnetp7rt3Ng=,1.000652291
NUJoTGsyUGwxb0NPWXFWSOsY0sOD141ACtWHQ2dLUYs=,0.997575919
NU9WUXdGWmxqWE1vRE5kS0aa6TbZ16A7nLBTQh6dQCY=,0.994686376
NU5SMGxQOWtBUTN3N1R2bf1faz9e+DmrwBxE3ytnckU=,0.999880438
NU0zZ1QwbzRVTGRjVjFJN5gr9sJ8w9K6dnvHX60bgJk=,1.000947228
NTljaFJYNmZ2SGttc0o3Vh4zELAai8DkKmwTdlu0hgI=,1.002331193
NTk4SE13YnNVMklYcGFrY0gWhAl9TI0fILWLeFclTfM=,0.995632762
NThPMGtaWVBYdXp3NDk2VNagXxlgpS8Zp24aBnLZNy8=,0.995204762
NThlazduTDNRQ1kyNm9WNM0eesRDWZDmTYDeFqIfXIs=,1.000092895
NTgyd2xTZFBYN29ueWpwSP8LyMbJ3eoUivUADLn2j+c=,0.993308871
NTFvdzNaOWxza3RJRjJQbuXo0IFYivSLJyeYl8Xr9/s=,0.997654439
NnVrUTVGU1JZOW1nWFBUOAv4DGhgMr15x43D0S5jSz0=,1.004613171
NnlDT1MxczhVUXZoRk1xafOSvGxHaxIeUATFdwlkkfs=,1.004579023
NnJHMkEwY25EamthOXZoQiW4dndCc0/w6yXuO0T9zuE=,0.997260211
NnFyWkpsSzBlTGd2NzF5dGghjRFdb6rAc0seWatnnG0=,0.998539891
NmI0VVdQQ2EzajFIZkVKdoObxQaPQ/G4a8lrN7S1LK8=,1.012420684
Nmh3UE5WVWRDOTFrQmFYYiFVsjRiR9WXXjJMVozF7t0=,1.001485222
NmFWR0xpQ2hxN2xVWG91Tq77iKHX2IOJyTlza9DXH9M=,0.995736293
Nm11R1FwZ2RzUkZqVENMOKMuMBVYYn9vgtRvFcm9Ork=,1.009202415
NllselVDV3BWUmZFSHlxUeyP9iPNr9tmEhBR7nlW9O0=,0.999086649
NlFHOUZyMFdhTjNUbVVoNcQeKJrORG2PtHzoD+IYt0M=,0.999894537
NlBMU2t1bjVtMGY5bHJRaLdjQRpyOzNgEJT8sA+52YY=,0.999159903
NlBDRHFJSFhaak53VGZrZVcxGG0nREx7hjxf3b+OF8Q=,0.997835124
NkVRS01QQ1NERnZXdFZoaxbxoZfhFG/7az0WUPiXVE8=,0.993594549
NkRNd21Za045UGdXQzJYc2GrU/cvXw6Q5QT+ZYHuPVw=,1.005763401
NjRNOHkzblFURmpCYUtaVboPrfOf55dGaEgKnph18dM=,1.005132571
NHJxdkRMU0k4aVBmZzNISsPONZjuLP892V1VYaKliOQ=,1.004954503
NGYwUVdHWURhWnFDZTE5VQ17/bz/KVV9zTFIWuSgh7U=,1.008748299
NGNXOXBlQzcySk1TdU9mbLmr+2fCstfYqToV0aXJGSE=,1.00452649
NFNzMGRRVzlaQXFCRW5MWIl0fVdo7f6oIOMxvOwMbo0=,0.994108132
NEtJVE9zVkgxU3hXa2p5eptZFDyCFGMPG6YrO0odbD8=,0.99889851
NENkbnNHa2VyOGowUnpKVNc87vZPZkqy6yY4DwS4UMM=,1.014458659
NE1lU0ZkYW9ES1laR1VtdDK+gavvBaaRzK8YJFeS4lc=,0.995225255
NE1hR05qVlF2VEtFMDFoU5//yJb5pUGjo2XhrhFpQ5I=,1.006989045
NDEybERYYm9pZmh3a2pwQSg4J6I6R+Xv1sz+cw2+zLc=,0.996468437
N3M4dUxkclhiUll2RTZqSvQqsLv7Mgzv16YbwJlZBHw=,1.000819275
N3lpQ3JPMTNvc0ZncEowZXWVBFwti6LCWoxXhUPsdpU=,1.009520663
N3g2clNJdUFpbktEYjh0MgbXdnEnVINKfb0byK9BKz4=,1.000659599
N2szeU9UOVVheEJ6ZEVSWRdqgOz2TEn2f8n2mP/fmlQ=,1.008673581
N2RpTUNuZ0VZclU2bUhSWKFnfejd/d+bEOP3D7CMbY4=,1.006151198
N2RMVmcxcG1aSjl2SEJxcv9aTZHNpR39wqw9k7Q25MM=,0.995615229
N2lVYnZaR0ZsZXJNOHR6UGKgz1DO+vRaYA4++HnTIpI=,1.004970987
N2l6SmQyWnVvRzBsNXE5SWi6sQPua+6qnsP8ZGas/rs=,1.005903946
N2FKWGhZMFRsRnlJM0J3elk1J+/WfhOVGB3qdEqXjlo=,0.997046657
N25XdkFNd2pKcGRtZVY0YQcUuzHBXE6f1d5Hj4bWGoU=,0.999565978
N1F5TGN2bjE2NFd0VUJwaofUwEwrA/f/dBqABr8umL0=,0.99460493
N0xoMm9na0tQcmxkWllOVvS0hKSc+9jsZHB/SO7kqD4=,1.001008792
N0x4RVdvRlVuUkhyTlRtUAGF2CJ1ITi1Ms5YTJUPOTQ=,1.004686321
N0VVS2phODliY1pKR1c1ToerkJER0eXO2cOFX3/hlC4=,1.000135652
N0oyT0hOVXd6bW91dHNJRCLnozmNT5wyIAvjC1YXaos=,0.998348945
N0o0M2k2TXBvbmJCdkNTWvPxo11gZeGzS2v7jPn2RSE=,1.003197543
N0NNazF5SjZPWlQ0YkFlZ3PwDn5YeTqYKXdfIGEKy9Y=,0.996621003
N09NSkNhVHhIenlpZDVEUD2BmVSpa9aLU/gqFhfPLY4=,1.007303838
MzY5ckFZT3VjRkQ3dmJneS3afwLdIxF33jvsbVZGc4s=,1.01802019
MzQ2dWFGWXFOT1pIcjJqVYExWMbsiU0X3Gcq8imhs00=,0.997943942
MzEwOXBCTG9NWGZ0UTVONBgWF8aKiQIveHS3sG8/FwE=,0.995909567
MXpWSVAzV2c5a2FZTHBIcqzp7mf3ADlzne+jf3IEEjA=,0.999779313
MXdUalNlTXZQQUJpSWJwaGeKEc1DiQ/hwxSLTegRowk=,1.007866348
MWVmazJtWTd6eGxCZFNqT3XUB3wqSt2ZBy/Lj5lyLCI=,0.996139003
MWJsVUJ4cnk0aUx1R05wV++3Tw8HEjtYLfHJKgiaQWs=,0.998546872
MW9qR3ZDeUs3VkVXeDRGUNzPVhJ0DxeKqV3E1u8qvtM=,0.996483709
MUxNZElOdEJqNzZSRTRvcjzIs7BbqKQwFfX+0euVkVE=,0.996195402
MUlqUXVtVnFaM1JPN1d2YY/Eac5Yl93LHMhfVlGxBvA=,1.014896117
MUFTc1pnejVYVnY0cnRrV+9vAOSdT315yZclKsY2InM=,1.001037682
MTZaU1VwUWM3SVk1TG5YbMumLTNxGhmadcNxKgGaGsQ=,0.998760071
MTNINHNyNlJvV1RpY3FrR0nuAiS0W0L4kcbpwqTMnuM=,0.994485749
MTN1ZURuWXk2MkdoOUk3NI5/sAnL/U/pDy9T99IxacE=,0.991389973
MTlWbUxhVWdiaUFEY3VFWiLi+VxLHVC6b5kewfd/81U=,1.003840506
MnlyRGRicWNpVUV0SDFvYTTak2EkQGwDI2T2C4oQQ6k=,1.006972714
MmxBNktjMW1pd29IR0xEWDgWGhDRLV2qNyMs+PR9Tsc=,0.996440738
MmFGSFpralVkZ1Jzekw2NG7shxafoEEj9Jd/muKQtaE=,0.997383127
MlVxZE5WaVJQNVNHMFFqRC09JkaxvVxZJsD8AgltD1M=,1.006062853
MlJYc29yeDlWZ2hFREtGa9FVjFFm4qk6mxJV2oZ5M10=,1.004391183
MlhqQ1ZtM0FmSndEWnpIYWS2uLPcntLbj7OkK8WA5aU=,1.000421298
MlBqbUJncmRXVHFISjRTd+iuEq1wUAedVjnfUAGE6Nk=,0.996761011
MkVEODZXZjFDRnptMEhndw83d1guRaIgyswl6Ao6Qz0=,1.000515195
Mks3dHBHRmQ4aVlybVZVT+wUsRYHcGGM2EY26y5Z4xQ=,1.001167034
Mk9tTlh6WlNwTGtqN2Q5YpE2mKdV5EuT0ILf423FDHE=,1.001827119
MjhWR0RvcGdGMGhZY0g2dajcW4rUWWw5IZEV1685H8s=,1.004257181
MjFuenZsaUlIS3lYZ0pHaNry3ILvzIeJubtrXJTC3hk=,0.998077077
MHRNZG9RcGNFZ0I2azdiUySntOTqfuxXKaNrz/1Ub1o=,0.999869911
MHpaZEQ1dDlvVmdLM0lHZXCa2DMRnLChBa4ToO2Nhq8=,1.001755239
MHlYamlRN0hzSVU0YTZtTP73QgxlswDXLFzBtRmtGqI=,1.00402354
MHdOV0tRRURmVHo0T0ZzOOHc9u278ynAK9/JRGGUTh4=,0.99968093
MGtMdG95ZGZWTXhsdVM3SnuV8J213AwfDnx0ZIFHl6I=,1.00188796
MGRxUTZNbTJQZjRWTkdMZ7Q6u9RYpfQEFMVUFEpuV+c=,1.0081533
MGM5N0ExUjhDTEt4aUU0evvRvwYW61NETGlgqMQFi4M=,1.001130971
MGJ0VUtPTW5pYWt1Qkd2Ra6snCWFOJ3p4aRrw+zhoUE=,0.999920488
MG1Rdk1sU0xOZGJ4Vzg2eTiujTRPql9GGmYx5/w2FXE=,0.999495998
MFRvMmZDZ21YczVsU0ZaWfV1t6PXX+ZPY1ZZPDFQ0M0=,1.003489438
MFhaVnRGeklnMmJDM3JBOA71LzxWifBM86FAIQ4BdUE=,1.007048911
MEtPRTRUcEZ4TThRZWF2WA6P8mSoV42fyui/Yg5QYYI=,1.001427432
MDRXWnVBaXhPYWRJRnpzSxQSktPlC7iOY2IQuleHH6I=,1.006076704
MDJscDN6RkU3U1A4Z2Rjaodr37J8SweAmEuGPUAHN9o=,0.995300443
M3ZpZGE0UXRTY0N1a0pLN2CyfQBYi95rlM/mGrCkFY0=,1.008191811
M3JYOVZxV0hhQm91NEswaFXqcGJFQJt+3zSqlt73fmo=,1.002414895
M3JFMWVnNE1ZQXlzYkpHSz1b7MjvaOvXd1o0H4a+dBM=,0.994456948
M3dJYjcxR3owSGFkeGdSUOD9liOWg19JoT5vl72FZQw=,1.000631481
M2h0MVppbHoyZHdwTG1uajAmhY1poITVnn4FEh4PiRw=,1.001193824
M25nWU1UVUF5RHROc3drdoeM/KNWLyffIgy5JPQHeKk=,0.99491826
M21sb0VBaEZLT0Q4dlU0efOymT1K9dRuCdTYUt17V/w=,1.004286086
M1JHMHhkeWlZZnJ6N01objC3E5eNJCB8DbIUbwPy/qQ=,1.002905542
M1dyQXB1OUZtNEpNaE5iWcovkHOs4gcR3kGXY4xfyvo=,1.001724122
M0NLYVNZWjBjeTd1ZlBBUlngURLdbSgtBJeiqYUNosY=,1.007827194
M0E4UFFiUkU0emNkOVlHbBAR9AAPSU6QvT49pfCItDo=,1.001700451
M0dDbHlMUTY5SzV0ZTBvQb9h8YABlnerdSpsViBIYVU=,0.997869695
eXptY09xblppRjBmWWxWZH0vZd13CTUTkscChhwy2Ag=,0.994333001
eXFGaGF3UklWREpBajc0UZS7o0MljafoqaMDYGjof6c=,1.008934215
eXdXUmZNSUR6cGxBU2VVbQ1RTjDEt0rdbvkxJ9yEzi4=,0.998277335
eWQ4V3NlcmpTRFFCcUZhSnZzKQdxBOzpvXeqOExOHvw=,1.003673944
eWo0ZTJaUzlIRmxtS0RSNTe4fYnsyKLoYarezHugkSQ=,0.998355727
eWNOZUJSVXFaVjlyb0xHMvL1YkM2SUn6FkwB+kZIihM=,0.998025642
eWJrZnVLQUVRSnE4SWkzVvlipuldGh/2223yEdDxCjI=,1.001654949
eVZzZ0hUWTJpZDBXcVpscsOYYSvTWTjmziVg7cVELdo=,0.998916549
eVZRT1A0cWlVTUlLbDVkWOohpBmnaA4xoSiOqGmv2NM=,1.01239877
eVRhRElTaHhmb0pBM2dqcc6kqNo4LQk/+QGE+ZmW4rs=,1.001893134
eVNsUGIyQWhWYWtpdjlnVOtlQSc/l0+4t4Bpalq1uYM=,1.011263179
eVIxbU8yZXc5TllGSXp4SMg8KCtGkwQUbZCMCJKkSR4=,1.001866174
eVdxUzg5dUhPQWZDUllUTudZLxjd79VQkJphbyLSy2o=,0.996279119
eUJyVVFOVHRudXE5UndoZ1oZLMgXgAd+Hw9YAZoMU6U=,0.993352677
eUFVakVjUUxoMERlZldud6yqfrM4lU5SqHqMuCjv4qk=,1.005980004
eUFEZWE3bDQyc2tKSGNkOQmwu5PrPL3nn3DEP57Ew8c=,0.999203575
eUduQXA2a0gxMlR3elFadnGKY1RqcnlopVcH+2JtGws=,1.001739489
eU9nNVVYUEZRVjJjZjlvWR5weDhljnbtdLA+mQjdiQ4=,1.004046198
eU5Zbk9zSlNDdjZHbXE3aDiTUiWHTRdapRjoSNTcOB0=,0.992648478
eU5mckRkMFZBVGNvWXRhUIdKueb/TgOEwV7WlJg4Q0E=,1.002740481
eU1VbWJZelF4RkdxdndnOcypAlp36XSvVWIbw9V+URE=,0.998639594
eTZmOTdrVVFidXAxWndZMjWfVVNrXWYfOWyzbAz6leM=,1.007709824
eThuYUlKMGZNTmwyRW9tanAAwbluxdPYaEvb/Jqd164=,1.006888457
enNwTlhiRVZvZ1REdjJ0M7+RvxILEKLqCPVe6hmsorY=,1.007121492
enh2dWc5Q3lKSWF3U1hEV+/abiID/K7yVOPVBygGuVA=,1.001436271
enFPQkh1MjhDbzNYTkpSaPUNwYeUYAPoFTycmmFLs78=,1.003600441
endjOU4wQnR4cE9LMzdabGrBw0Q1qGC7AU9l3GNJ39s=,1.001957168
enBMUTZxR1I0b3dFa3VNQgWtG0vsXSAk8ohZ9IP1cfM=,1.001486242
em9KZnE3NHlMYlhqaFlQWpIlwIhZLFroR/FJ+iX8ydY=,1.000590663
elVuNzlCSTRtaGFwRWxTZ5+4CTEisrRPBxJ2bYauUSc=,1.005216456
elR5RjhKTWk5QVZPcjdRRX3fIcCUXaN2qTqg/7IOFtA=,1.003680724
elpKN0xST1c2bWppclh4OJv0FtQJS+3ZfnWNxvvweAw=,1.006527311
elhuU0xkOFBxa2Z2UkJiTVckneGlvcZruZVaT0meiFc=,1.00554
eldtNGxLaENBY1hMWTdHMDSnX+JzT5j5KOeD5A5r/fU=,0.99673612
ekZqb1B4djhPTW1CY2kza5NJouW3GopRyZ59e58s3p8=,1.012454263
ekRtME5UbnRjRWlhM2xMONF9Myv3HYAgG5jLnfBI4Dk=,0.999641387
ekk3ckRsMjVMTkJKOEZaZDwpADBuMRz9KxhizMxFOUA=,1.00253682
ekgzb0tmc1RBRG5MZ2VCecGpq8lSxU3G5YGToTn5nKs=,1.003530367
ejY3bjJJVjFEYk5IWWprcik08sxw84A+G4GRJjRn9Eo=,1.005050406
ejl2ODBQeWNvakJPTXVyVP13U/XE10G+jSlm4eez6zQ=,0.991068679
ejhLblhVWUR0UXJncFRzOagEKpoSNvtikOJrdO0OFG4=,0.992377485
ejF0WkdPOEhvTGYzVkRGWBcZwgmqFw6MfiP3j6c1S7Q=,0.999571911
ejBsWWh5VVRBZEMybVB3MVWD0XTp2CrlSmpE0tA0nTU=,1.001992052
eHZZcGtsdUQxdEw5ZFhRaunqQZQd+A2WQkdWAePkFbA=,0.996005208
eHQxRkxtZ2NWVEl6V2ZaZYgZE6fgW/wtCGMUzgCp/bo=,1.004638166
eHlwUmViVDJqaEduc0VTMFD22unT/M4OmtsFZwGUot0=,1.003557126
eHJCNm5kWU1HWm9wYldGOXGzz+LZhhqAfe+A7DlXoQk=,0.996475888
eHFXSWhyTTFpNEF1UWF3cz/LR6QAJhp1Vt6I8alH+3U=,0.997560553
eHBGclBWS2tqUXVjN2JHbKniauXo00f2+2hfyfwiaew=,1.006684498
eGZlSkl6dGFxYjVSQWlqY/yKEdCT2RWOYuBi/VSpgEE=,0.996546784
eGpNNXp0ZlBLRnY5QzZUcVmt9hUmjF5TBitj+jcbWUc=,0.999041671
eGluUllvaDYxQzN1a09mMsEEyHZSaDMluWJ6ewaYuuw=,0.999284486
eGk0NUdJNmVYaFFwWVpqcpS6RWvnQYiR8u+MtUZJziw=,1.002718962
eG9ESmxnZHFWMUVBR1cyWZ/+sNPN0/+o0UwPGRTbN4k=,1.003062061
eFRNYjJ3QVE4ZWNSV0VsZyA/Z1UgB1ON/W9qXCCVpVM=,0.999978935
eFl1U012TGJocHM1d2tkeVIY/s92xPht0Sz2h8aGn+0=,1.002335148
eFFxR3NVU0FKUmt6YWRsQq8aky3JK3VMqsU9rf36jps=,1.004077233
eFdONUVhUk1odUNpVFpWc/2eZqL4T1SnWqZHabwQBV0=,0.999527259
eEx3eklyUVVOZ0V2cDJxVtLev4o2yd+Iores8CaJMkA=,1.001399838
eEtsM0lRSk5jdUZiMlI1asltWdPgYoPaEp1eYwhWz5Y=,0.993171982
eDNxQVpqVDZlaGFrNTd0UEKUd+i8EXp+JznkefPx8hk=,0.99942732
eDJQU0QxYkl3OVE4ZUFqaQqZ89C728NSnAlnKaUbb10=,0.997461459
eDc2TUUyZTN5R3NsQmltWV3L7h5DjJCsQjywZKI6tT0=,1.00423159
dzNaV05IWG9nSWt2aGJwVEn6/nmKrBJssglKlmrwbqQ=,1.003595074
dzJpdGtGSTFSemR2TXFyb14lj1wDVMrZdN3KVzEbt3c=,0.995790122
dzFGSWJqR0N1b0UwYTJja1RHAPtGMGV5x88KO0/DUaw=,1.000378351
dXN4MURpSWxXZGdLYm5BNPLGOOz8JzF/wcstOQCkjos=,0.997059482
dXIzVE1TTnhoN3lCQ0l3OE659xDE22Igb7ztm7quMLI=,0.998733014
dWZhc29KY0JHdHdrMXgybTcQpm1jl6vKq3zkz95M8Vs=,0.997489089
dWVMaER2STVGZFU4S01ZUnT3w1s2rzEd56Sgph7LLF0=,0.995068924
dWRvbm1NYUtOdkhjSjk1Mgauc3lRGht+IoBJFKLVsvM=,1.002102639
dWNYakd5OURRZTV0d0xzM3Yr+Vu6zGuLjSs4vOuJdzM=,0.996054008
dVZxczI4N1V4SDVrY0NSM/UTfSTfnySQcdC6ieSCGHQ=,0.999436787
dVZaTEh2d3h0Qk1Hemg4M3oPGdLR9Q9eDN1ZO7eW49A=,1.002601252
dVVPSFFzSWFDb3IxNlBZTPEtecy8JeM9NoIaw1Yiy24=,0.997285946
dVpXTjlBVmZzZ1FidHk0OBqvK3ePKNTC7br14Q9IzU0=,1.001303831
dVh4ZE52MHpieUhFcGZTZR7h4nD9TymWPTvPhHVcG+g=,1.000445018
dUJzV3JrcDdseTFBVlo1WYuMBgcEbPKl6LIm4aVLsos=,1.000963909
dUhZYjZOSUxtM3B6MnhBWoAbggYWHp3Hz4j9fLNkRxc=,0.997130264
dUFTNmRJbkJFS3BvVkhrTio29RUPGYKp/VSoA2tClVw=,0.992865483
dUdKWnJZUDJPN2FTUlhDYxUqccNSpfsPqSm/9cJSTgc=,1.012357281
dTBZa3BoRHpYc0ZHVGRQWiSaFQQpI+N73ldagsj5pgE=,0.999679756
dnpHTDRwOTFvc0NIS1lNUcmfvQvDrHkiXOtGE51Gqe0=,1.009728874
dnFGY3JXUjlLaFVJeUhETRWte93HuiJAeisnpTjSgrM=,0.9975665
dndoeWFLek9yNEhFbVl4dfBEHP8I5uG0tf2nyolZnRw=,0.997791695
dncxM3lHMDlEZVlCSEZMSW88eadvK8+Ga0yMCyECAv0=,0.99300537
dmF6VWZ1eEVGaUk5TUxId+IEjOWoDU5sIamnD0jMqog=,0.999334257
dmc5Q0Z0TnJ1UktWZnFISs/JsNqQ0bF2G6IAgkcke14=,0.993345081
dlY3UkRHdTBGM0E2TnE0TIbBPpXDKRxuAo6iizQmpRs=,1.007249533
dlY2alVhd2dQMFpoM1JDdfjo7+sy5EG/dw73krAS7MI=,1.00077347
dks2ZjVPWjBDQTltM0xrSnR0vMWX0BmW7qVmTQ4JIQI=,1.009826641
dkNlSlBmdGMyR295TGExTtk4Ux240LQuXyIEMzz9giQ=,1.002587514
dkNkdzJQS1RsR1ZiRGpxTGmC3BXJMW/nR3CS9h1LGzY=,0.998670763
dklTenlkdDVBYjNHdUs2VUPu96Gho2Bt/fIoCi7HRz8=,0.992567491
dkJESWE0Q3JwVG9mTnlKV65uwZ7fDTW66G9NoDAzGj4=,0.993893258
dkFjR1dvcEVYQkpaS2VOT1DyyMIMcJwPkJimLBr+70U=,0.999407385
djJwNzZJRXNHMFdoT3VRUpK8wAd84yS2vZwjOmsFUtg=,1.004035617
djh4cWNBZVBqOW51SUYyTeRzyHOVNudkBWs5PQgsXOc=,0.998579203
dHpmcVpnaVdVd3hzeTlCS8TAsOMD320lJnoDxvGupS4=,1.00649574
dHNEODRDdUdmMTdlbFprQgxagbNg1j45SSxeU+b7/Rk=,1.002219883
dGxFYnhSb2Q1UUluWDNlcbHUCIGwAsn9h9M7ACK6wzQ=,1.002368268
dFlTREpmeUJGeklwQ2NOTO1ohefPnVXt+NYdQye6aZ4=,1.001271044
dFFkN0tUSWZneXFjTkJpWG6e9GwO7q4OxuwmU87vA1I=,0.998534648
dFdjWEk1cGtRYVJQNGJPMKaOiII1XiEcJQPoMI1l3dY=,1.005396069
dEtXekN3OTRGVXNTZzBycVRSMm2Sp3lRAjakMa2uLQI=,0.999494552
dElKVXpPZEY1c1prTmJ1OU9V8WiTfRGSBjqRQKufplI=,0.99563096
dEdmaUh1WHJiWXNJS3g3T50/ZjYCxTjPUfxqXrWShWY=,1.010680993
dE1SMGIzb21pRW5aSnVrcifxgPU9XluMDtgNZ2ojDYk=,0.997391517
dDc0eUtZTmpWeDhzYzBaa1afGHcngeXQhi8RaB/OZME=,1.001581827
d3NIZzRUazhkeEpCMU5ibFSxLC3L3ttoqCCCntNd4ew=,1.003758706
d3hyM1BtOEo5TU8ydmRmUun05mYlE3duhAhv3teWg8s=,0.996561879
d2w3c0ZrMnp4cU1FWDNDQaMVDHOQHz5Ang6u3uRT5TE=,1.003993918
d2NXUXZxbWhrZUZ5TEhaaWzm+IsUye/nFP9/4RvbhiM=,0.992727432
d2lVcTdoNmRrVElGMkxXRd4d1qSucQtqaft8WdDccA0=,0.996371497
d1VMU2gxUXBHdTNkZmpsZU5LQIxD73qruHR/lIVzm4w=,0.993698054
d1ozczU0YThOUUtIa0JFbswxFSUmkUHem9cowHCGTek=,0.992180911
d1FraU1MQ0FjbnVJSzFIcO83h4jw5w7dzMy7Cgvezdk=,0.999113676
d0pUbUQwUkhsaXA0aDhFU7p6dxxw3FRAT7HpadekVQY=,0.999975258
d0lyajIzRnF0SHY3eVprbu83T4B1BMH5OZz4mbekLo4=,1.004427831
d096R1NhMVBBTDJRVkZxVYKx8FH6s1wpOeFABOZ+bt8=,0.996306285
d010NGxSM0lDQjVVUVhxekBDz69afyxLIfTS0/gH1WM=,0.999972856
czZLSGoxWmV0RWdNZG5mY9/7+dDpDOnMUoZlkIAUCro=,0.999834499
czFid3RXa0V4cmZub2dEOeUB9xmsN+QCbAxodc53wtw=,1.010364736
czF4ZkdldUh2Y1pLVzhpTlEA+pYAF4wTWYf+ErGoUzQ=,1.002939009
czdIdEVJanpNdzVSQm5LMBlXpyIzs/7P3BEaXguGIX8=,0.999756871
cXYwZER6Nm1lMk80Q0dJWgRT/mwJ0xPvu0L30C5gtAg=,1.004147375
cXRzRmw3Uk52VW14WjhhTDe2o3wiLAVBpZI9SRXtgdw=,0.999485283
cWxEc0ZlN0k4Unk0VXVIZsFWv2ovsNU5vbj04x1biH4=,1.006149622
cWNpekwxNGRBVTdPMnlCSYfekNQY7u8VfY4gcOjssAY=,1.002812741
cWd6RVFpNGszdFJqS3VXc1bXkt736JnPeWH+8diWV8c=,0.993288156
cVUyd0NkU2hIZ28zYWN2ddOfiu4vtvm95tURN+fB9YY=,0.996479824
cVBnbHgxblc5UTBPVWlyNRfpE3GleyzySq5lB6e+mVQ=,1.003324554
cUI5a1UybklzakpNZmNMQ5Wt2Im+V8IkgbOyBBagRUo=,0.996117482
cU9XZjJtc1pKQjBSeVVWZ3P/pcobfJuvO1zdfI4aEMM=,1.014959093
cTJpZm9DZWg2MGxkYXpHSRxeP18uRotNBXDziYEziAw=,0.992761476
cTdDMnNVR2JWcGl6ODRSZ2ggnY6jD+R3RRM4MCH76Ng=,1.002403618
cnFpWkV3c25vOHhNYTdBWB2SYlaSomf0ZJN61xtjC8s=,0.99645223
cmNGN3RMQXY5WVBEc0hHbTQDuUcIIK1I2alYF1OZ060=,1.000934062
cmJnZDZOVExmdTU5dG9CYxbUTjy8I3G/jfTUQKu660A=,1.005043359
clNtZU16Z0puWTNHWjlzWMJc+6+ijB5BB0nTkgCLYAY=,1.007291961
clNOMEpjZFd4N0czUThEWdL2WnKKaDiNmkSALp+Mqj0=,0.993645942
cktqZ292dzVsUmVRMUROWDaSxo6vpXbqxpH8cxcWwf4=,1.007298015
ckJWc1RZbmZ1aDRjR0lSdzu2qWkV87IA9IBjBst+vZ8=,0.997352446
ckhtQVRLdVNGd29pTlVDQsaKvmwhPYS/pYXraSwTaM8=,0.998012853
ck1Yek9ZTmFLUjRmZDhpavfBRsJ5xDAAocvSOjNFLeE=,1.003534737
cjhOc0x4bzdUekZ2V1AzZR2/2H5UPLkqkA+jJEMUJs8=,0.996318236
cjhEY20yQU1WZ1NkcFAxQv7oLxToGsDRcHnnrtV3hvw=,0.996705921
cHVEOWRsNFE4UjYxS012M1sLT/6sNEYXtgxgQmQmLY8=,0.997454453
cHFVWVBiR2xDaFM4Wk5pWCqe3kROZb3V3FtkwhodGBA=,1.007350751
cGZDMUE0WldZMmdOcThWT3ChqggQpZtuc1+33/vhihU=,1.00193943
cGZab1JTVGUzaXRGQjhjdkVHFfpwZRgPxCO+ckVA9Oc=,1.00217101
cGRqUmN4dzZsREZPTFVvSudO2BDFlyFIgHQqj7JdrjE=,1.000602743
cGFsSHRqdlFJTFp6VURiTf1cjWjJmpqreZrte2B5Lnc=,1.004838056
cGdYczJZYVNuZFJMUU1JSjbbGua6ZDtPO3sIV0vp+NI=,0.998853988
cFRYd0MxQklGTFlpWlNuYsa5DPXnJmtix06dqUy8gbk=,1.005643756
cFpPMndNamVxYjdhMUtBY3L+xGbFOHrZsGoEGOA6oH4=,1.005162692
cFh2OEg0V01zdFRLaXhaR7aDgYv6D+rtgUMVoHguq9w=,0.997488405
cFBITVJ3aEVpODY3SzJGdR0+oFipf6IaefQbGLuWtSk=,1.00703025
cFA2aUtEV0Fibk8xZjJWSdIxMWHgtyx/ybZAiT7+tOw=,1.000044459
cEx0eElTUlRBUUUyWTVucewBhQCwH01kOSxKUr2VUXw=,0.9990682
cEJMMnlSMXZENkkzV1gweCYYj2vZ67gFmOZeGl+49Nk=,1.00189179
cE1RdkxHQ3VjZ1VhT1lyOIIJzvlvAKIgJkhRDLwLbMA=,1.006099443
cDRtajNZYkxuSlE4RWg3aQVsEmgKdZwBH/sodI37yQo=,0.999640487
cDR2bVBGTTdpQmNHVFFzeE2d3Gj3S1ElT0dYX1StqOM=,0.998632633
c3VTWXk4cWxoZzlkUEdBTF2A77AnRJ7O/uFGb5rH8cI=,0.998052926
c3pXSGQ5SXdSU2FwN1hvTOgN3IdBJak7a+gp2ty8AdI=,1.002848845
c3IyOWRsRVAwaGJSQkZrbejtLE0kCswjs1IcIZK5Vok=,1.003975976
c2R0eEpFbUJSWDZNZTl6RIotRP88sti/HZrqQ8MIMFk=,1.002262046
c2o3WDQ1UlpxeTlLSm9XRtbAItZxNve20J+XSFF23vM=,1.000097902
c2NqVFJVMFNRNkc5SXV0M0++WammSZ4DoeD+hyPpKT0=,0.999594026
c2hrak85M2l6QWFFTmRNWb871vxSMvDwIVsEWgJ4YaU=,0.999803334
c252TmhWZUFiRUQ4VXUwUYdN1mnUNNeJ6lwNUjND4ug=,1.007148559
c1htN1NPNmRqSW5Xd0tQMMkcZhwx8G2pbmU9DqsC9hw=,1.003323628
c1FZRGU4V2ZYU1p2TzJvQbl6jlcoDw9SVU/v/PmrWOg=,1.009533298
c1BGM0JpYmw3WHFrclZZWghybs5rQIBIL7ZxvQHPihw=,1.004132291
c0NZN2Y1VHpQdnVablJWUQ1Mzo0OR09i0H5t5N55ZAk=,0.996036134
c0JpbldGa09VbTB2THF0bMioORp2Se8gkL9cRJ4dxEI=,0.998615471
c0hVUzd2Vm1KMFB4OE5ocrhD7Z8htZ+LNKIrEVEmJqI=,0.999410383
bXNRRTRVbHdxSjA5QUdibkkavIaRoR7Va9UKYxR0fUk=,1.00949489
bXlSWFVLYndxZTlQU2phSXrkf97tkOfPIEYw8NHYD9I=,1.003920333
bXJraUlwZXZod0hDUGI2NPZW1W4ynBh50Jex6c6PAU0=,1.000935763
bXdoUkVTeWNINUJnekczYbaapbiNdIhX5KJZZC6XdMY=,1.000788839
bXBYSERLbHNWbzI1WUxqYmqI8id6vRzQrzaeaOB8uHk=,0.996972291
bWZOSGFNWjhLcEo2WTJSTJ9Fg00ycgMEgqA0SQhDuPs=,0.996342815
bWJROHFFTXgwejVpR0RXQYqFMG9g0daP+YhCuKiNrkE=,1.009525434
bWhVSW9Ea1oyczBsSjdjVlNt7hLbnmU1+jzN7QRgZbQ=,1.005628045
bWdsWmVQd0hBb0Jxc05XM72DZxQFHkrO1QWlu5q08nE=,1.001988471
bVY5VDJCaE5EclVBY0p3Zoru45x9mY9g2I+4DAwtPzM=,0.996071343
bUZrN3F3ZTFaSk9mb0s0aNfhebNnDUfxmYuZ/6afHR4=,1.00221787
bUZHamdDQWY5WU5PYmFvM4WJmW3cjnHGz22YD9Ot7BQ=,1.012656024
bURHQWdrb1h5UHpwZU9hSgrQq7bj+OLrNhiAswZp8bk=,1.000202844
bU9xY1lnMlp6QlFiTTFIUJNvWPO4jTWEUgYJR2JYljw=,1.006724591
bU05eU4zV3F0QzVQdnNaZXj/ucdAoOPdPWXYf3AIsKc=,0.992409003
bTNjUEFicmhGRE5rbzJ4am6ceYcKHGUR4DRT1OASjhc=,0.999345999
bTlWekwyYlNQUUt0bHIxdQU+0S/nfz/N3FRX22GldM0=,0.996431126
bTJWY2tsRWlhSXJnQ0oxWRtPZwm0xYiUt6WZnxH5fjY=,1.0001205
bTBMdkVJMnFkalpOZnJVQ3rB/0tpW9WpeEOquEJOP2c=,0.992640134
bnZVdG1wc09SYUJKaUFrRFw7/kPFmOEmo5Dyq/Kh29E=,0.998006623
bnQyczg1TUNMQklXUHh5U94b2hD/Axafdty4sYg5t9g=,1.003364598
bnd2Z2NCb2VDaks0OW03QdHfR+K+4TCYGUftomXH4DU=,0.994372472
bnBiclN5TkVINERPemFQdikK9qhy9k/tvMskBO858e4=,1.002524679
bmtzUHkzQkVkZmc0aWJDT+Uh2ZbIdlqs0lRxndcrnBQ=,0.998132322
bmRHaWZyMlpnemxodjY5Y7ACMMv9Ve4yTFmCL8hkUu4=,1.007026344
bmJhNE9UVzVoMGxxdXZpVh6uL9uIGCQdotAO9ZTkfV0=,0.99820246
bmdQcGJpWXhOMDloZW9yWodQXf13WkICTMUxl/Db4AQ=,1.007911734
bllCZ09KTUtQOWpidDJGVEE19R4YFnxfFEpSkBbMMUA=,0.997530974
blg5VGFpeFlCbVd1MHZ0Trl0Kq3hIliC23jHnLgJbJg=,1.007892571
blF4eVkzSldJWGNkNm9hc1AG54rtBbLAN+v+UssMVt8=,1.003471851
bldxZEp1c0xUakZidGtyUrmmEAoFcr2oufUNHME8GPM=,1.002978622
blA0RzZqN05idnBTSUJ1dKdDNV9eoDxGgkoY6M5BPlA=,0.999900775
bkpDZDhqb09nMkdSNElldz6/rCnZOUMPQusYnRF+DE8=,1.011776803
bHVyaGZiYXNqSFJjenYwU8g3m9xxz+IidNH4UFBWWWE=,0.998696233
bHVOSXl6VDFCQ0UwdldlaoylE7yYGLrjOi9M2MEdtzw=,0.999898849
bHRia1pUU3ZENkpoanBjWQ6gY/XrqYbUa89yfQj9t7o=,1.004807555
bHppZ3Rqbm9QbTVFVDRGS1INffsdfwZ/5t5nKauNx/4=,0.999722033
bHdxYVJkdDM3WkNBaFgyOIjU0qafT6f08DVIcDByOQQ=,1.006796109
bGZaQlJqbzY1SlM5V0xZdG2FOuyB/yn4W7GEcQbNYsE=,1.007422135
bGJMVmc5ZG1KYWhaUXNYTU6d9GY2NKp/MyYWml78w5U=,0.997506645
bGJJQUJkZTd1S3JDU3dpY9z0/1nPNyt9cXX8bzDs76A=,1.000803139
bG9jcWdZWHlKMDc2a040RueIlbYK3V8kSMVN6s2fQbI=,1.004053489
bFlub2taWGM2TU9mM3VxU6uSUPEjiEMHwLeFqwqYWBA=,1.005637579
bEl2U3BRQjB5eDl0MnU0Vlc32isx4o1ttPYi9HZdSLc=,0.999076732
bEFKZmJhVENqc2dyRHV4UJreweIxI21XPmOXs2W/3pQ=,1.002483585
bDlKSVd3MW5NdDhpY3FRRLN+0IaRhkmT2QVjmN4ARf0=,0.999520041
b3RiY3I3Z0ZSc0xNeFlWbg8IfH+Zt2+fAY1RxEj/nl0=,1.001872372
b3pSUUNkdElYdlpEYmxVNz0YafjzhRj5XwS30CxSePU=,0.998359287
b3hOdXAzOVc1RkFRMkxVY7v5wFSOf9ybxg3Q/SnkLK8=,0.998448888
b3BXNjAxVVlxdWVDQlE3am1Zw4CkdhXTobVXNRHNIUY=,1.002235197
b3BKazhUWFBhNzBORnZPTO+dWRSbLcJTrnxXdzKs1CE=,0.994837413
b2Q4SkVxbTV6WWl0bGo5Z8cMf/EZit+iPkfdB2MGv9A=,0.999836971
b2oxcmhLVGQwTDI4Vkh4ZtWjtNEHffJYDxejT/iU2k4=,1.006395817
b2FWT1A5QUZlbWJsNHZ0Ram9cI8HLfTkYpGBhCJxWRo=,1.005510968
b2daUGNFSWhEVWxteU5LdQxZbhh6iKplejxI1Q8q7Hg=,0.997036789
b1N3MFBaS1JkZVQ1dUEzSsM+RTP80x99D7VIeobfOes=,0.998710022
b1AybDNDWGdIZXNXeGNGMdndpgZXmkcfluljp9Wnypg=,1.008542663
b0ZNM1FUY0RmMmt6MEh3QzZSY+8KmrfSIYpUjVAk+iA=,0.99659359
b0tjZlRPQWx3UEdrcURabQ5c/1+btl8TWe5EYl7Vw6g=,0.999115697
b0RrNlFQdHhFVVp1ZlRsbmcLa+ksMBzSyXnkTloYjUc=,0.999612047
b0FyQ1c2ZVhrYnhMMERKN/NXikTSvpF2Wi97PG8zuJQ=,1.001527822
b0dXckUxRnA2MnRiQklkN0h8G2ZOiPaPLDMvFA0rxyE=,1.001888659
azZlUGp1QmIwOWM3SUtycTlH+e4c4ZdNuBgp+/NiIkk=,1.00664913
azZKU1B5QWlNNTNHQ3o3Z7bIcCh13i4/THnJcJjfEb4=,0.998196105
azhadEZKTzNxRzRoc253RVIrWibh45x71pv338vKooc=,1.001163471
aXZRaDVCMGFNRXBDNElLa6p6lYUr6p2ZNaxW9fs3sZY=,1.001006667
aXJCYlc2dGdjRkpvN3N5U/2he+Ay88cQTPQmhBppU9I=,1.006119879
aXhYRnkxQ0JUYld2U1JRSnb9oBHjadxrx+xoeattwJI=,0.994808517
aWZXSEduWnZ4OWp6bWdwMY1mxaupSwNR1hY6vT9CFTM=,0.995110689
aWVjcXNya2pRVHo1TzNhVaeym5YFpNBytP8xbt/sHTM=,0.998965685
aWVGMXZMeENoc1BEY3JObUJiBm9gP6regEzpzg4uEcs=,1.008561385
aWtiZG11MVdMRXpRSE5LTz9wC6/KhiHGfpjOdOJOf8U=,1.014911633
aWFDdGx6dzI2SzlQaFNOMJnE+BscxZmnT84CrKK8wac=,0.99860798
aW5jbEZVTmZUb1g5ZDVXU543PnrMexccT/9tG05N930=,0.992655223
aVF5UnI5SnFubUc1SGZiVXtxM4BeWDj7DKgGmBE17vw=,1.001761616
aUN4RGFMOVhwaG8xUXlSWSB14lQsQk/gT2E12KZ1Qio=,1.005822465
aUdQc1lKeFNYbzQwdWhRSF++u6oLZ/Ki1SDaQDOxcg8=,1.010953436
aTVucFdCd1FTUlhFMzZmTdZ7sxWmwImkQ/VBhO1y90g=,1.003405023
anZBRUpyazAxdElWUkZjb1yTuZYB0rVXAd2jNWEnkZ8=,0.993180072
anltZmFldUNOY0xyVWlGStH3r1+OkJu+GuBRql11+qI=,1.002016033
anllaHdkU09aNW84dUpuMV38U9VNziS2q2HNjBv76Cc=,0.996752098
amZtRTRxYU1aZVUzeEFpd1ra4LPHam2/U4rkrgyX2TE=,1.007768989
am92NExQT25wbUd5YVVaUZgzVvENPLaRkKzwPVZ9fyw=,0.997031673
am91MnJaRmtJWWJhaHluV0HhgM7U/tFJjY8uJcDpxE4=,0.999289759
am5kR0FnMjRUUEVvUkhTdExqNMp46h6NEjqo46VX3vs=,1.003239246
alVUbm1jdEVCaWdINUowSRLe1mgnhlKpq7rOpUnIJJA=,1.000916092
alJPcHJOWnhlOGF0a0hmWVC6FVDi5Nbs+PExa9xwfDU=,0.998934444
alhjcmZsUVA2d1JvT016Tka5G6oHoXE1wN2qvcaFpzA=,0.999918345
alBiRDRPclF2dWFYSEtVNelAxDt6zvqUWnHCqVfIyZM=,1.007359788
akZvekh1M3JPZjVjYVhNZ7IZ5BTywGeUGQydvhXfFGI=,0.994800858
ajV6UFRleTcwbzFDbHV4RSnTZvM8LOkL1klHKqbXVWQ=,1.003832311
ajhlRnZkMW94WWhURVN1dG9HlkdLfr2HCM9m9BCdl0o=,0.996006253
aHRVU0dKUG5DMWo2eVRWQqDLcMB6n97MBc39eypCQqw=,0.999142043
aGxrYlFVZ3EzWThWMnhCOVbmMwawIAOuf6OK5IvqYFo=,1.003373718
aGRNeFg3ejBRRkVzeWFrcRYk7h+tBln0ZaZzhckZueA=,0.997591243
aGM5SzBibXhRNHVZWEM2UI7T4LojavBanWP0nUnQv/4=,1.004280634
aG54cTA3Z2p5WGJCOEZsT3mKlECBg3V9V9wMQX82jNU=,0.993076266
aFRrck1GWkE4UHhKN1EzWMcB08VVkKAO+baup6VXwOE=,1.000247179
aFNrN0FLejNDRnBUeHVjWCsYfV9Dlta3pmSeQTwGmhs=,0.997710097
aFE3Wnp5a2UyQU9ESDVWauh+dJ+bd5+NcZCWtDDDwy4=,1.003667034
aEV3VlBmZ3J6NDhpR1JJc5eEEoVN0zDDmalYeXZebJw=,1.002793511
aEJLYkRWeDB6d0d5VTJxaeE3TVryjWIUU9bXKxqSNfg=,1.00570011
aE9wajBFRjZrSmdZeTlJUVWCCODwx47aM88aQFaIOnw=,0.996914591
aDYzck9Jb3Z5blZNTmdVUklxto5RzGiOhEurJo4yYlc=,0.999114512
aDgyM01PdWl5STlqMWxGNkqKmdFjif6x+wXogEAwb24=,0.995277456
a3FhVHNRWTBWTG9DVTJYaEEFesw2rdrZ+BzKm7VUkfs=,1.004429165
a3c1WG9FUzgwRldhTk8yUvMnlqZ6NU49tcVvAf+Jch4=,0.999447656
a2xoMDlJZXpjajRFaWczVDnZB/vSsI8z88iVWOv5OOg=,0.995327776
a2VaVzk0eFltREhOaFBKcufiSbsrd9lZlkhWnUyl0z4=,1.006002462
a2JhbjV2ZUVJWU5IbGdxV1JQYu3f79Zu9Df3I1NnnHw=,1.00799263
a2g0QlkzNTE5bWJpVEY4ZAXwqjBcI/a9lMRTPkyb1jo=,0.998363827
a29lcWRZTXhESkNPcHRRR0EiFlKZNdQqkmZfW3NzjY4=,0.994550293
a1pHbGlySGd6MVd1WFBJQrEWnvj4CYxqKRMCRy3GEOk=,1.001993201
a1JISkFzMjRDS2Q1RXl1cen1e4jiXCIr4dbUMKQ0HP0=,0.995713795
a1hoRDBtYnR3bFFMV0VIas9gsq0KFmavOv59M6byhSk=,0.990518572
a1haMDRWUVRKRnAxUGEzbI8CUZNbydxwESqxe9nE1MQ=,1.006940005
a0pYeTE0TjVSaG5JNzlaVlDkvgNnFtmjXwFi0g10sWo=,0.997656449
a0NGc1RXWVh6YklSbE02ajOtLmhgPZ2B4RDg9WcQE34=,1.01197006
a0M3bUk2VWJwWWNQaGZUQrc/o3+mon4h7Xh8XuLG7/4=,1.003915201
a0JyY2lqV1hMNm9JbTB0UV+3bSZqDUHQv2V9ozgbUhY=,0.990552882
a0JxN2JWMk9LZVRRU3Z6WSyAh4bEh0nECOcUTy/I4ys=,1.002430112
a0hwdERoNEUxOFlTemd4Mq2M0TqA9Ky6aAvP6YQ4+lg=,0.998435808
a0dhdHZ4bVh3amI1U2RIMY+7qV9PhFtvwhPdE6Sv7i4=,1.007223561
